course_tee_key,course_key,tee_name,gender,par,yardage,course_rating,slope_rating,tournament_yardages,men_course_rating,source_url
bearspaw-japan-cc:Back:male,bearspaw-japan-cc,Back,male,72,7006,73.4,135,,,https://www.100yardage.com/golfcourse-index/shiga-ranking-golfcourse/bears-paw-japan-cc/
cherry-hills-gc:Back (King x Queen):female,cherry-hills-gc,Back (King x Queen),female,72,6404,,,6390 6328 6357,70.5,https://www.100yardage.com/golfcourse-index/%E5%85%B5%E5%BA%AB%E7%9C%8C%E3%82%B4%E3%83%AB%E3%83%95%E5%A0%B4%E4%B8%80%E8%A6%A7/%E3%83%81%E3%82%A7%E3%83%AA%E3%83%BC%E3%83%92%E3%83%AB%E3%82%BA%E3%82%B4%E3%83%AB%E3%83%95%E3%82%AF%E3%83%A9%E3%83%96-%E5%8F%A3%E3%82%B3%E3%83%9F%E4%BA%88%E7%B4%84/
hojo-cc:Back (bent main green):male,hojo-cc,Back (bent main green),male,72,6921,73.4,,6903,,https://booking.gora.golf.rakuten.co.jp/guide/course_info/disp/c_id/380015
hojo-cc:Front (bent main green):female,hojo-cc,Front (bent main green),female,72,6112,,,6110,69.6,https://booking.gora.golf.rakuten.co.jp/guide/course_info/disp/c_id/380015
kamo-cc:Black (main green):male,kamo-cc,Black (main green),male,72,7318,75.3,,7212,,https://kamocc.co.jp/course
kamo-cc:White (main green):female,kamo-cc,White (main green),female,72,6370,,,6301,70.9,https://kamocc.co.jp/course
karuizawa72-east-iriyama:Back:male,karuizawa72-east-iriyama,Back,male,72,6941,74.6,,6760,,https://reserve.golfdigest.co.jp/golf-course/421104/course-info/
karuizawa72-east-oshitate:Regular:female,karuizawa72-east-oshitate,Regular,female,72,6458,,,6384,69.0,https://reserve.golfdigest.co.jp/golf-course/421104/course-info/
"kasumigaseki-east:Tournament (7,362 setting):male",kasumigaseki-east,"Tournament (7,362 setting)",male,71,7362,,,7361,,https://www.kasumigasekicc.or.jp/courses/east.html
kasumigaseki-east:Tournament:male,kasumigaseki-east,Tournament,male,71,7466,75.0,136,7443,,https://www.100yardage.com/golfcourse-index/%E5%9F%BC%E7%8E%89%E7%9C%8C%E3%82%B4%E3%83%AB%E3%83%95%E5%A0%B4%E4%B8%80%E8%A6%A7/%E9%9C%9E%E3%83%B6%E9%96%A2%E3%82%AB%E3%83%B3%E3%83%84%E3%83%AA%E3%83%BC%E5%80%B6%E6%A5%BD%E9%83%A8-%E5%8F%A3%E3%82%B3%E3%83%9F%E4%BA%88%E7%B4%84/
kasumigaseki-east:Blue:female,kasumigaseki-east,Blue,female,71,6419,,,6486,70.6,https://www.kasumigasekicc.or.jp/courses/east.html
kasumigaseki-west:Black:male,kasumigaseki-west,Black,male,73,7095,,,7008,,https://www.kasumigasekicc.or.jp/courses/west.html
kasumigaseki-west:Blue:female,kasumigaseki-west,Blue,female,73,6622,,,6638 6620,,https://www.kasumigasekicc.or.jp/courses/west.html
kuni-cc-east-north:Back (Black):female,kuni-cc-east-north,Back (Black),female,72,6869,75.9,,,,https://www.princehotels.co.jp/golf/kuni/course/
kuni-cc-east-north:Regular (Blue):female,kuni-cc-east-north,Regular (Blue),female,72,6667,74.7,,,,https://www.princehotels.co.jp/golf/kuni/course/
kuni-cc-east-north:Front (White):female,kuni-cc-east-north,Front (White),female,72,6355,73.0,,,,https://www.princehotels.co.jp/golf/kuni/course/
kureha-cc-tateyama:Back:male,kureha-cc-tateyama,Back,male,71,6640,72.6,,6620,,https://booking.gora.golf.rakuten.co.jp/guide/course_info/disp/c_id/160004/
kureha-cc-tateyama:Front:female,kureha-cc-tateyama,Front,female,71,6128,,,6128,69.9,https://booking.gora.golf.rakuten.co.jp/guide/course_info/disp/c_id/160004/
matsuyama-seaside-cc:Back:male,matsuyama-seaside-cc,Back,male,72,7051,73.6,,6971,,https://www.m-seaside.jp/course/
matsuyama-seaside-cc:Regular:female,matsuyama-seaside-cc,Regular,female,72,6547,76.6,,6369,71.2,https://www.m-seaside.jp/course/
mizobe-cc:Back (King green):male,mizobe-cc,Back (King green),male,72,6801,74.1,140,,,https://www.100yardage.com/golfcourse-index/%E9%B9%BF%E5%85%90%E5%B3%B6%E7%9C%8C%E3%82%B4%E3%83%AB%E3%83%95%E5%A0%B4%E4%B8%80%E8%A6%A7/%E6%BA%9D%E8%BE%BA%E3%82%AB%E3%83%B3%E3%83%88%E3%83%AA%E3%83%BC%E3%82%AF%E3%83%A9%E3%83%96-%E5%8F%A3%E3%82%B3%E3%83%9F%E4%BA%88%E7%B4%84/
nasunogahara-cc:Back 2 (A green):male,nasunogahara-cc,Back 2 (A green),male,72,6739,72.0,,6747,,https://booking.gora.golf.rakuten.co.jp/guide/course_info/disp/c_id/90084/
olympic-gc:Black:male,olympic-gc,Black,male,72,7228,75.4,141,7175,,https://www.100yardage.com/golfcourse-index/%E5%85%B5%E5%BA%AB%E7%9C%8C%E3%82%B4%E3%83%AB%E3%83%95%E5%A0%B4%E4%B8%80%E8%A6%A7/%E3%82%AA%E3%83%AA%E3%83%A0%E3%83%94%E3%83%83%E3%82%AF%E3%82%B4%E3%83%AB%E3%83%95%E5%80%B6%E6%A5%BD%E9%83%A8-%E5%8F%A3%E3%82%B3%E3%83%9F%E4%BA%88%E7%B4%84/
sennari-gc:White:female,sennari-gc,White,female,72,6340,,,6143,,https://booking.pacificgolf.co.jp/?p=guide.course_layout&cc_id=30
sunhills-east:Regular (Blue):female,sunhills-east,Regular (Blue),female,72,6344,,,6241,70.1,https://www.100yardage.com/golfcourse-index/%E6%A0%83%E6%9C%A8%E7%9C%8C%E3%82%B4%E3%83%AB%E3%83%95%E5%A0%B4%E4%B8%80%E8%A6%A7/sunhills-cc/
sunhills-west:Back (Black):male,sunhills-west,Back (Black),male,72,6925,73.1,127,6891,,https://www.100yardage.com/golfcourse-index/%E6%A0%83%E6%9C%A8%E7%9C%8C%E3%82%B4%E3%83%AB%E3%83%95%E5%A0%B4%E4%B8%80%E8%A6%A7/sunhills-cc/
takeo-gc:Back:male,takeo-gc,Back,male,72,6713,72.3,132,,,https://www.100yardage.com/golfcourse-index/%E4%BD%90%E8%B3%80%E7%9C%8C%E3%82%B4%E3%83%AB%E3%83%95%E5%A0%B4%E4%B8%80%E8%A6%A7/%E6%AD%A6%E9%9B%84%E3%82%AB%E3%83%B3%E3%83%88%E3%83%AA%E3%83%BC%E3%82%AF%E3%83%A9%E3%83%96-%E5%8F%A3%E3%82%B3%E3%83%9F%E4%BA%88%E7%B4%84/
touou-cc:Back (Blue):male,touou-cc,Back (Blue),male,72,6840,72.3,,,,https://reserve.golfdigest.co.jp/golf-course/213503/course-info/
