course_key,name_ja,name_en,prefecture,latitude,longitude,source_url
bearspaw-japan-cc,ベアズパウ ジャパン カントリークラブ,Bear's Paw Japan Country Club,滋賀県,35.013672,136.167345,https://www.100yardage.com/golfcourse-index/shiga-ranking-golfcourse/bears-paw-japan-cc/
cherry-hills-gc,チェリーヒルズゴルフクラブ,Cherry Hills Golf Club,兵庫県,34.815495,135.028152,https://www.100yardage.com/golfcourse-index/%E5%85%B5%E5%BA%AB%E7%9C%8C%E3%82%B4%E3%83%AB%E3%83%95%E5%A0%B4%E4%B8%80%E8%A6%A7/%E3%83%81%E3%82%A7%E3%83%AA%E3%83%BC%E3%83%92%E3%83%AB%E3%82%BA%E3%82%B4%E3%83%AB%E3%83%95%E3%82%AF%E3%83%A9%E3%83%96-%E5%8F%A3%E3%82%B3%E3%83%9F%E4%BA%88%E7%B4%84/
hojo-cc,北条カントリー倶楽部,Hojo Country Club,愛媛県,33.966331,132.824352,https://hojo-country.net/course01/
kamo-cc,賀茂カントリークラブ,Kamo Country Club,広島県,34.44353830159,132.81279221945,https://kamocc.co.jp/course
karuizawa72-east-iriyama,軽井沢72ゴルフ 東コース 入山コース,Karuizawa 72 Golf East - Iriyama Course,長野県,36.311816,138.632459,https://www.princehotels.co.jp/golf/karu72/east/course/
karuizawa72-east-oshitate,軽井沢72ゴルフ 東コース 押立コース,Karuizawa 72 Golf East - Oshitate Course,長野県,36.311816,138.632459,https://www.princehotels.co.jp/golf/karu72/east/course/
kasumigaseki-east,霞ヶ関カンツリー倶楽部 東コース,Kasumigaseki Country Club - East Course,埼玉県,35.90138889,139.40444444,https://www.kasumigasekicc.or.jp/courses/east.html
kasumigaseki-west,霞ヶ関カンツリー倶楽部 西コース,Kasumigaseki Country Club - West Course,埼玉県,35.90138889,139.40444444,https://www.kasumigasekicc.or.jp/courses/west.html
kuni-cc-east-north,久邇カントリークラブ 東・北コース,Kuni Country Club - East/North,埼玉県,35.872135,139.343466,https://www.princehotels.co.jp/golf/kuni/course/
kureha-cc-tateyama,呉羽カントリークラブ 立山コース,Kureha Country Club - Tateyama Course,富山県,36.66157958831,137.11156645573,https://reserve.golfdigest.co.jp/golf-course/541301/course-info/
matsuyama-seaside-cc,松山シーサイドカントリークラブ,Matsuyama Seaside Country Club,愛媛県,34.014375,132.823597,https://www.m-seaside.jp/course/
mizobe-cc,溝辺カントリークラブ,Mizobe Country Club,鹿児島県,31.839853,130.675642,https://www.100yardage.com/golfcourse-index/%E9%B9%BF%E5%85%90%E5%B3%B6%E7%9C%8C%E3%82%B4%E3%83%AB%E3%83%95%E5%A0%B4%E4%B8%80%E8%A6%A7/%E6%BA%9D%E8%BE%BA%E3%82%AB%E3%83%B3%E3%83%88%E3%83%AA%E3%83%BC%E3%82%AF%E3%83%A9%E3%83%96-%E5%8F%A3%E3%82%B3%E3%83%9F%E4%BA%88%E7%B4%84/
nasunogahara-cc,那須野ヶ原カントリークラブ,Nasunogahara Country Club,栃木県,36.850646,140.086216,https://booking.gora.golf.rakuten.co.jp/guide/course_info/disp/c_id/90084/
olympic-gc,オリムピックゴルフ倶楽部,Olympic Golf Club,兵庫県,34.84202713097,135.0799705988,https://www.100yardage.com/golfcourse-index/%E5%85%B5%E5%BA%AB%E7%9C%8C%E3%82%B4%E3%83%AB%E3%83%95%E5%A0%B4%E4%B8%80%E8%A6%A7/%E3%82%AA%E3%83%AA%E3%83%A0%E3%83%94%E3%83%83%E3%82%AF%E3%82%B4%E3%83%AB%E3%83%95%E5%80%B6%E6%A5%BD%E9%83%A8-%E5%8F%A3%E3%82%B3%E3%83%9F%E4%BA%88%E7%B4%84/
sennari-gc,千成ゴルフクラブ,Sennari Golf Club,栃木県,36.796532,140.041747,https://booking.pacificgolf.co.jp/?p=guide.course_layout&cc_id=30
sunhills-east,サンヒルズカントリークラブ イーストコース,Sun Hills Country Club - East Course,栃木県,36.651482,139.870362,https://www.100yardage.com/golfcourse-index/%E6%A0%83%E6%9C%A8%E7%9C%8C%E3%82%B4%E3%83%AB%E3%83%95%E5%A0%B4%E4%B8%80%E8%A6%A7/sunhills-cc/
sunhills-west,サンヒルズカントリークラブ ウエストコース,Sun Hills Country Club - West Course,栃木県,36.651482,139.870362,https://www.100yardage.com/golfcourse-index/%E6%A0%83%E6%9C%A8%E7%9C%8C%E3%82%B4%E3%83%AB%E3%83%95%E5%A0%B4%E4%B8%80%E8%A6%A7/sunhills-cc/
takeo-gc,武雄ゴルフ倶楽部,"Takeo Golf Club (renamed Saganomori Golf Club, April 2026)",佐賀県,33.221403,130.074785,https://takeogolfclub.jp/
touou-cc,東奥カントリークラブ,Toh-Oh Country Club,青森県,40.820126,140.858878,https://toohcc.jp/about/
