status,name_ja,player_key_a,player_key_b,school_a,school_b,prefecture_a,prefecture_b,graduation_year_a,graduation_year_b,gender_a,gender_b,matched,reason,tournaments_a,tournaments_b,decision
未統合,松井 琳空海,p_c4b15aa76e3c,p_83c47da05192,四国学院大学香川西高等学校,第一学院高等学校,香川,愛媛,2025,2025,male,male,graduation_year,一致が2項目未満,jga-junior-2023-boys-15-17 kokusupo-2023-boys-individual kokusupo-2023-boys-team kougoren-summer-2023-boys-individual kougoren-summer-2023-boys-team,jga-japan-amateur-2024-boys jga-junior-2024-boys-15-17 kougoren-summer-2024-boys-individual,
統合済み (要確認),長﨑 大星,p_88fd65d9723b,p_5038c6e9f44c,勇志国際高等学校,,宮崎,宮崎,2028,,male,male,prefecture,わかっている項目が1つ以下の記録を、食い違いのない同名の1人にまとめた,jga-japan-amateur-2025-boys jga-japan-amateur-2026-boys jga-japan-open-2025-boys jga-junior-2025-boys-15-17 jga-junior-2026-boys-15-17,kokusupo-2024-boys-individual kokusupo-2024-boys-team kokusupo-2025-boys-individual kokusupo-2025-boys-team kokusupo-2026-boys-individual kokusupo-2026-boys-team,
統合済み (要確認),髙木 暢仁,p_6c6ca58a3283,p_3ef77c2186a6,佐野日本大学高等学校,,栃木,石川,2027,,male,male,,わかっている項目が1つ以下の記録を、食い違いのない同名の1人にまとめた,jga-japan-amateur-2025-boys jga-junior-2024-boys-15-17 jga-junior-2026-boys-15-17 kanto-kougoren-summer-qualifier-2025-boys-individual kanto-kougoren-summer-qualifier-2025-boys-team kga-junior-2025-boys-15-17 kga-junior-2026-boys-15-17 kokusupo-2024-boys-individual kokusupo-2024-boys-team kougoren-spring-2024-boys-individual kougoren-summer-2024-boys-individual kougoren-summer-2024-boys-team kougoren-summer-2025-boys-team kougoren-summer-2026-boys-team tochigi-ga-junior-2026-boys tochigi-ga-kanto-junior-qualifier-2025-boys tochigi-ga-kanto-junior-qualifier-2026-boys,kokusupo-2023-boys-individual kokusupo-2023-boys-team,
未統合,申 東宙,p_2d60603a3047,p_7487e144ab8d,桜丘高等学校（愛知県豊橋市）,学法桜丘学園桜丘,愛知,,2026,2026,male,male,graduation_year,一致が2項目未満,cga-junior-2025-boys-15-17 cga-junior-qualifier-aichi-2025-boys-15-17 jga-junior-2023-boys-15-17 jga-junior-2025-boys-15-17 kougoren-spring-2023-boys-individual kougoren-spring-2024-boys-individual kougoren-summer-2023-boys-individual kougoren-summer-2024-boys-individual,jga-japan-amateur-2025-boys,
統合済み (要確認),井村 栄斗,p_bd9693cd137f,p_dc5e9cd6a1c0,栄徳高等学校,,愛知,愛知,2026,,male,male,prefecture,わかっている項目が1つ以下の記録を、食い違いのない同名の1人にまとめた,aichi-ga-amateur-2025-boys aichi-ga-junior-2025-boys cga-junior-2025-boys-15-17 chubu-kougoren-summer-qualifier-2025-boys-individual chubu-kougoren-summer-qualifier-2025-boys-team jga-japan-amateur-2025-boys jga-junior-2023-boys-15-17 jga-junior-2024-boys-15-17 kougoren-spring-2023-boys-individual kougoren-spring-2024-boys-individual kougoren-summer-2023-boys-individual kougoren-summer-2023-boys-team kougoren-summer-2024-boys-individual kougoren-summer-2024-boys-team kougoren-summer-2025-boys-team,kokusupo-2025-boys-individual kokusupo-2025-boys-team,
統合済み (要確認),久我 健心,p_d3c85a77b08f,p_bb9c76d76ce6,熊本国府高等学校,国府,熊本,,2026,,male,male,school,わかっている項目が1つ以下の記録を、食い違いのない同名の1人にまとめた,guk-junior-2025-boys-15-17 jga-japan-amateur-2025-boys jga-junior-2023-boys-15-17 jga-junior-2025-boys-15-17 kougoren-spring-2023-boys-individual kougoren-spring-2024-boys-individual kougoren-summer-2024-boys-individual,kumamoto-ga-kumanichi-junior-2024-boys,
統合済み (要確認),久我 健心,p_d3c85a77b08f,p_2ea677e4328c,熊本国府高等学校,,熊本,熊本,2026,,male,male,prefecture,わかっている項目が1つ以下の記録を、食い違いのない同名の1人にまとめた,guk-junior-2025-boys-15-17 jga-japan-amateur-2025-boys jga-junior-2023-boys-15-17 jga-junior-2025-boys-15-17 kougoren-spring-2023-boys-individual kougoren-spring-2024-boys-individual kougoren-summer-2024-boys-individual kumamoto-ga-kumanichi-junior-2024-boys,kokusupo-2023-boys-individual kokusupo-2023-boys-team kokusupo-2025-boys-individual kokusupo-2025-boys-team,
統合済み (要確認),松山 茉生,p_6f36d9679ef9,p_e72a5b29e4db,福井工業大学附属福井高等学校,,福井,愛知,2027,,male,male,,わかっている項目が1つ以下の記録を、食い違いのない同名の1人にまとめた,cga-chubu-open-2024-mixed cga-chubu-open-2026-mixed jga-japan-open-2024-boys jga-junior-2024-boys-15-17 jga-junior-2025-boys-15-17 kougoren-spring-2024-boys-individual kougoren-spring-2025-boys-individual kougoren-summer-2024-boys-individual kougoren-summer-2025-boys-team,jga-junior-2026-boys-15-17 kokusupo-2023-boys-individual kokusupo-2023-boys-team kokusupo-2025-boys-individual kokusupo-2025-boys-team,
統合済み (要確認),小池愛莉,p_ddb8be6808be,p_2187044c22e0,日本ウェルネス高等学校,日本ウェルネススポーツ,茨城,,2025,,female,female,school,わかっている項目が1つ以下の記録を、食い違いのない同名の1人にまとめた,jga-junior-2023-girls-15-17,jga-japan-womens-amateur-2024-girls,
統合済み (要確認),林田 万輪,p_6ec32c95989e,p_6f87f4c1a18e,熊本国府高等学校,,熊本,,2027,,female,female,,わかっている項目が1つ以下の記録を、食い違いのない同名の1人にまとめた,guk-junior-2025-girls-15-17 guk-junior-2026-girls-15-17 jga-japan-womens-amateur-2024-girls jga-junior-2024-girls-15-17 jga-junior-2025-girls-15-17 kougoren-spring-2024-girls-individual kougoren-spring-2025-girls-individual kougoren-summer-2024-girls-individual kyushu-kougoren-shinjin-2025-girls,jga-junior-2026-girls-15-17,
統合済み (要確認),林田 万輪,p_6ec32c95989e,p_7bca49b2fb45,熊本国府高等学校,国府,熊本,,2027,,female,female,school,わかっている項目が1つ以下の記録を、食い違いのない同名の1人にまとめた,guk-junior-2025-girls-15-17 guk-junior-2026-girls-15-17 jga-japan-womens-amateur-2024-girls jga-junior-2024-girls-15-17 jga-junior-2025-girls-15-17 jga-junior-2026-girls-15-17 kougoren-spring-2024-girls-individual kougoren-spring-2025-girls-individual kougoren-summer-2024-girls-individual kyushu-kougoren-shinjin-2025-girls,kumamoto-ga-kumanichi-junior-2024-girls kumamoto-ga-kumanichi-junior-2025-girls kumamoto-ga-kumanichi-junior-2026-girls,
未統合,清藤 羽琉,p_2720bbe5d6a7,p_b24ba348b2b5,成美学園高等学校,第一学院高等学校,千葉,茨城,2027,,female,female,,一致が2項目未満,jga-junior-2025-girls-15-17 kga-junior-2025-girls-15-17 kougoren-spring-2024-girls-individual kougoren-spring-2025-girls-individual kougoren-summer-2024-girls-individual,jga-japan-womens-amateur-2026-girls,
未統合,清藤 羽琉,p_2720bbe5d6a7,p_ee0f1edcde83,成美学園高等学校,,千葉,,2027,,female,female,,一致が2項目未満,jga-junior-2025-girls-15-17 kga-junior-2025-girls-15-17 kougoren-spring-2024-girls-individual kougoren-spring-2025-girls-individual kougoren-summer-2024-girls-individual,jga-junior-2026-girls-15-17,
未統合,清藤 羽琉,p_b24ba348b2b5,p_ee0f1edcde83,第一学院高等学校,,茨城,,,,female,female,,一致が2項目未満,jga-japan-womens-amateur-2026-girls,jga-junior-2026-girls-15-17,
統合済み (要確認),大久保 花,p_7ec06f6166d9,p_7ceb1a1388ae,開志国際高等学校,開志国際２年,新潟,,2028,,female,female,school,わかっている項目が1つ以下の記録を、食い違いのない同名の1人にまとめた,jga-japan-womens-amateur-2026-girls jga-junior-2025-girls-15-17 kanto-kougoren-summer-qualifier-2025-girls-individual kanto-kougoren-summer-qualifier-2025-girls-team kga-junior-2025-girls-15-17 kga-junior-2026-girls-15-17 kougoren-summer-2025-girls-team kougoren-summer-2026-girls-team niigata-ga-kanto-junior-qualifier-2025-girls,niigata-ga-kanto-junior-qualifier-2026-girls,
未統合,永田 愛梨,p_7c3c24f76115,p_ff1d254522ae,浜松学芸高等学校,第一学院高等学校,静岡,茨城,2026,2026,female,female,graduation_year,一致が2項目未満,jga-japan-womens-open-2024-girls jga-junior-2023-girls-15-17 jga-junior-2024-girls-15-17 kougoren-spring-2023-girls-individual kougoren-spring-2024-girls-individual kougoren-summer-2023-girls-individual kougoren-summer-2024-girls-individual kougoren-summer-2024-girls-team,jga-junior-2025-girls-15-17 kga-junior-2025-girls-15-17,
未統合,永田 愛梨,p_7c3c24f76115,p_ede7302f99a8,浜松学芸高等学校,,静岡,,2026,,female,female,,一致が2項目未満,jga-japan-womens-open-2024-girls jga-junior-2023-girls-15-17 jga-junior-2024-girls-15-17 kougoren-spring-2023-girls-individual kougoren-spring-2024-girls-individual kougoren-summer-2023-girls-individual kougoren-summer-2024-girls-individual kougoren-summer-2024-girls-team,shizuoka-ga-junior-hsa-2025-girls,
未統合,永田 愛梨,p_ff1d254522ae,p_ede7302f99a8,第一学院高等学校,,茨城,,2026,,female,female,,一致が2項目未満,jga-junior-2025-girls-15-17 kga-junior-2025-girls-15-17,shizuoka-ga-junior-hsa-2025-girls,
統合済み (要確認),佐藤 涼音,p_1d5bbefbf835,p_17d25ef1f070,ルネサンス大阪高等学校,,大阪,,2028,,female,female,,わかっている項目が1つ以下の記録を、食い違いのない同名の1人にまとめた,jga-japan-womens-open-2025-girls jga-junior-2025-girls-15-17 kansai-kougoren-championship-2025-girls kgu-womens-amateur-2026-girls kougoren-spring-2025-girls-individual kougoren-summer-2026-girls-team osaka-kogoren-championship-2025-girls,jga-junior-2026-girls-15-17,
統合済み (要確認),五十嵐 凛,p_e232df3fdae1,p_32e9af441c62,日本体育大学荏原高等学校,,東京,,2027,,female,female,,わかっている項目が1つ以下の記録を、食い違いのない同名の1人にまとめた,jga-japan-womens-open-2025-girls jga-junior-2024-girls-15-17 jga-junior-2025-girls-15-17 kanto-kougoren-summer-qualifier-2025-girls-individual kanto-kougoren-summer-qualifier-2025-girls-team kougoren-spring-2024-girls-individual kougoren-spring-2025-girls-individual kougoren-summer-2024-girls-team kougoren-summer-2025-girls-team kougoren-summer-2026-girls-team,jga-junior-2026-girls-15-17,
統合済み (要確認),五十嵐 凛,p_e232df3fdae1,p_10e0f4a69c0f,日本体育大学荏原高等学校,日体荏原,東京,,2027,,female,female,school,わかっている項目が1つ以下の記録を、食い違いのない同名の1人にまとめた,jga-japan-womens-open-2025-girls jga-junior-2024-girls-15-17 jga-junior-2025-girls-15-17 jga-junior-2026-girls-15-17 kanto-kougoren-summer-qualifier-2025-girls-individual kanto-kougoren-summer-qualifier-2025-girls-team kougoren-spring-2024-girls-individual kougoren-spring-2025-girls-individual kougoren-summer-2024-girls-team kougoren-summer-2025-girls-team kougoren-summer-2026-girls-team,kga-junior-2025-girls-15-17 kga-junior-2026-girls-15-17,
統合済み (要確認),本 大志,p_5ffbdf767c29,p_351f535d6db2,目黒日本大学高等学校,,東京,神奈川,2024,,male,male,,わかっている項目が1つ以下の記録を、食い違いのない同名の1人にまとめた,jga-junior-2023-boys-15-17 kougoren-summer-2023-boys-individual,kokusupo-2023-boys-individual kokusupo-2023-boys-team,
統合済み (要確認),小林 翔音,p_72753c283d77,p_18934b4e83bc,西武台千葉高等学校,,千葉,東京,2024,,male,male,,わかっている項目が1つ以下の記録を、食い違いのない同名の1人にまとめた,jga-junior-2023-boys-15-17 kougoren-summer-2023-boys-individual kougoren-summer-2023-boys-team,kokusupo-2023-boys-individual kokusupo-2023-boys-team,
統合済み (要確認),髙山 大維志,p_8245505bdd24,p_85e3716c0039,高川学園高等学校,,山口,山口,2025,,male,male,prefecture,わかっている項目が1つ以下の記録を、食い違いのない同名の1人にまとめた,jga-junior-2023-boys-15-17 jga-junior-2024-boys-15-17 kougoren-spring-2023-boys-individual kougoren-summer-2023-boys-individual kougoren-summer-2023-boys-team kougoren-summer-2024-boys-individual yamaguchi-ga-hs-championship-2024-boys,kokusupo-2023-boys-individual kokusupo-2023-boys-team,
統合済み (要確認),外岩戸 晟士,p_d5a417f904e3,p_086d12a91cff,代々木高等学校,,東京,鹿児島,2026,,male,male,,わかっている項目が1つ以下の記録を、食い違いのない同名の1人にまとめた,guk-junior-2025-boys-15-17 jga-junior-2023-boys-15-17 jga-junior-2024-boys-15-17 jga-junior-2025-boys-15-17 kanto-kougoren-summer-qualifier-2025-boys-team kougoren-spring-2023-boys-individual kougoren-spring-2024-boys-individual kougoren-summer-2023-boys-individual kougoren-summer-2023-boys-team kougoren-summer-2024-boys-individual kougoren-summer-2025-boys-team,kagoshima-ga-junior-hs-2024-boys kagoshima-ga-junior-hs-2025-boys kokusupo-2023-boys-individual kokusupo-2023-boys-team kokusupo-2024-boys-individual kokusupo-2024-boys-team,
統合済み (要確認),上村 大和,p_b5d5859b149e,p_9e37f0fb5800,目黒日本大学高等学校,,東京,千葉,2025,,male,male,,わかっている項目が1つ以下の記録を、食い違いのない同名の1人にまとめた,jga-junior-2023-boys-15-17 jga-junior-2024-boys-15-17 kougoren-spring-2023-boys-individual kougoren-summer-2023-boys-individual kougoren-summer-2023-boys-team kougoren-summer-2024-boys-team,kokusupo-2024-boys-individual kokusupo-2024-boys-team,
統合済み (要確認),渋川 煌,p_4e7c28090223,p_02b2c646d18d,大阪学院大学高等学校,,大阪,兵庫,2026,,male,male,,わかっている項目が1つ以下の記録を、食い違いのない同名の1人にまとめた,jga-junior-2023-boys-15-17 jga-junior-2024-boys-15-17 jga-junior-2025-boys-15-17 kansai-kougoren-championship-2025-boys kougoren-spring-2023-boys-individual kougoren-spring-2024-boys-individual kougoren-summer-2023-boys-individual kougoren-summer-2023-boys-team kougoren-summer-2025-boys-team osaka-kogoren-autumn-2024-boys osaka-kogoren-championship-2024-boys osaka-kogoren-championship-2025-boys,kokusupo-2023-boys-individual kokusupo-2023-boys-team kokusupo-2025-boys-individual kokusupo-2025-boys-team,
統合済み (要確認),濵渕 裕生,p_dd10d90a3e8e,p_51fecf0a84a0,生光学園高等学校,,徳島,徳島,2024,,male,male,prefecture,わかっている項目が1つ以下の記録を、食い違いのない同名の1人にまとめた,jga-junior-2023-boys-15-17,kokusupo-2023-boys-individual kokusupo-2023-boys-team,
統合済み (要確認),蓑手 陽和,p_9442de52a7a8,p_40fd987bd6ee,東海大学付属熊本星翔高等学校,,熊本,熊本,2026,,male,male,prefecture,わかっている項目が1つ以下の記録を、食い違いのない同名の1人にまとめた,guk-junior-2025-boys-15-17 jga-junior-2023-boys-15-17 jga-junior-2024-boys-15-17 kougoren-spring-2023-boys-individual kougoren-spring-2024-boys-individual kumamoto-ga-kumanichi-junior-2024-boys kumamoto-ga-kumanichi-junior-2025-boys kumamoto-ga-supokyo-junior-2024-boys kumamoto-ga-supokyo-junior-2025-boys,kokusupo-2025-boys-individual kokusupo-2025-boys-team,
統合済み (要確認),田邊 武士,p_a48bd390e826,p_87b1183917e9,青森山田高等学校,,北海道,北海道,2024,,male,male,prefecture,わかっている項目が1つ以下の記録を、食い違いのない同名の1人にまとめた,jga-junior-2023-boys-15-17 kougoren-summer-2023-boys-individual,kokusupo-2023-boys-individual kokusupo-2023-boys-team,
統合済み (要確認),滝田 詠夢,p_cb282cb10ede,p_d95bdce76785,代々木高等学校,,東京,三重,2026,,male,male,,わかっている項目が1つ以下の記録を、食い違いのない同名の1人にまとめた,cga-chubu-open-2025-mixed cga-junior-2025-boys-15-17 cga-junior-qualifier-mie-2025-boys-15-17 jga-junior-2023-boys-15-17 jga-junior-2025-boys-15-17 kanto-kougoren-summer-qualifier-2025-boys-team kougoren-spring-2023-boys-individual kougoren-spring-2024-boys-individual kougoren-summer-2023-boys-team kougoren-summer-2024-boys-individual kougoren-summer-2024-boys-team kougoren-summer-2025-boys-team mie-ga-junior-2024-boys mie-ga-junior-2025-boys,kokusupo-2025-boys-individual kokusupo-2025-boys-team,
統合済み (要確認),小野 翼,p_a3055a83363a,p_452c1629a2b2,沖学園高等学校,,福岡,佐賀,2025,,male,male,,わかっている項目が1つ以下の記録を、食い違いのない同名の1人にまとめた,jga-junior-2023-boys-15-17 kougoren-summer-2023-boys-individual kougoren-summer-2023-boys-team kougoren-summer-2024-boys-individual kougoren-summer-2024-boys-team,kokusupo-2024-boys-individual kokusupo-2024-boys-team,
未統合,岡嵜 マイヤ,p_42d7483aee6e,p_ccde6dd52b78,岐阜聖徳学園高等学校,ルネサンス豊田高等学校,岐阜,愛知,2026,2026,female,female,graduation_year,一致が2項目未満,jga-junior-2023-girls-15-17 jga-junior-2024-girls-15-17 kougoren-spring-2024-girls-individual kougoren-summer-2023-girls-individual kougoren-summer-2023-girls-team kougoren-summer-2024-girls-individual kougoren-summer-2024-girls-team,cga-junior-2025-girls-15-17 gifu-ga-junior-2025-girls jga-junior-2025-girls-15-17,
未統合,大橋 莉生,p_87bdc6682308,p_ec3abad7e759,浜松学芸高等学校,クラーク記念国際高等学校,静岡,埼玉,2026,2026,female,female,graduation_year,一致が2項目未満,jga-junior-2023-girls-15-17 kougoren-spring-2023-girls-individual kougoren-spring-2024-girls-individual kougoren-summer-2024-girls-team,jga-junior-2025-girls-15-17 kga-junior-2025-girls-15-17,
未統合,大橋 莉生,p_87bdc6682308,p_2b4dc9d4ce06,浜松学芸高等学校,,静岡,,2026,,female,female,,一致が2項目未満,jga-junior-2023-girls-15-17 kougoren-spring-2023-girls-individual kougoren-spring-2024-girls-individual kougoren-summer-2024-girls-team,shizuoka-ga-junior-hsa-2025-girls,
未統合,大橋 莉生,p_ec3abad7e759,p_2b4dc9d4ce06,クラーク記念国際高等学校,,埼玉,,2026,,female,female,,一致が2項目未満,jga-junior-2025-girls-15-17 kga-junior-2025-girls-15-17,shizuoka-ga-junior-hsa-2025-girls,
未統合,北川 紗玖楽,p_58c58c946c90,p_7fa3bc587a15,N高等学校,N高等学校梅田キャンパス,大阪,,2025,2025,female,female,graduation_year,一致が2項目未満,jga-junior-2024-girls-15-17 kougoren-spring-2023-girls-individual,jga-junior-2023-girls-15-17,
統合済み (要確認),赤松 成眞,p_7a5468c416b9,p_b7dbc35ed9b5,興國高等学校,,大阪,和歌山,2025,,male,male,,わかっている項目が1つ以下の記録を、食い違いのない同名の1人にまとめた,jga-junior-2024-boys-15-17 kougoren-spring-2023-boys-individual kougoren-summer-2023-boys-individual kougoren-summer-2023-boys-team kougoren-summer-2024-boys-team osaka-kogoren-championship-2024-boys osaka-kogoren-shigaku-sotai-2024-boys,kokusupo-2023-boys-individual kokusupo-2023-boys-team,
統合済み (要確認),米山 遼,p_b3d5df4a6fcb,p_8447e652494a,鹿児島城西高等学校,,鹿児島,鹿児島,2025,,male,male,prefecture,わかっている項目が1つ以下の記録を、食い違いのない同名の1人にまとめた,jga-junior-2024-boys-15-17 kokusupo-2024-boys-individual kokusupo-2024-boys-team kougoren-summer-2023-boys-individual kougoren-summer-2024-boys-individual,kagoshima-ga-junior-hs-2024-boys,
統合済み (要確認),上田 涼真,p_88591d7275bb,p_c6edd66c5936,岐阜聖徳学園高等学校,,岐阜,岐阜,2027,,male,male,prefecture,わかっている項目が1つ以下の記録を、食い違いのない同名の1人にまとめた,cga-junior-2025-boys-15-17 cga-junior-2026-boys-15-17 chubu-kougoren-summer-qualifier-2025-boys-individual chubu-kougoren-summer-qualifier-2025-boys-team gifu-ga-amateur-2026-boys gifu-ga-junior-2025-boys gifu-ga-junior-2026-boys gifu-hsgf-shinjinsen-2025-boys jga-junior-2024-boys-15-17 kougoren-spring-2024-boys-individual kougoren-spring-2025-boys-individual kougoren-summer-2024-boys-individual kougoren-summer-2024-boys-team kougoren-summer-2025-boys-team,jga-junior-2026-boys-15-17 kokusupo-2026-boys-individual kokusupo-2026-boys-team,
未統合,清本 貴秀,p_a366386d5e62,p_110e664c77c9,福井工業大学附属福井高等学校,代々木高等学校,福井,東京,2027,2027,male,male,graduation_year,一致が2項目未満,cga-chubu-open-2025-mixed cga-junior-2025-boys-15-17 chubu-kougoren-summer-qualifier-2025-boys-individual chubu-kougoren-summer-qualifier-2025-boys-team jga-junior-2024-boys-15-17 jga-junior-2025-boys-15-17 kougoren-spring-2024-boys-individual kougoren-spring-2025-boys-individual kougoren-summer-2024-boys-individual kougoren-summer-2025-boys-team,cga-junior-2026-boys-15-17 kougoren-summer-2026-boys-team,
未統合,清本 貴秀,p_a366386d5e62,p_f9d70a42cf0e,福井工業大学附属福井高等学校,,福井,愛知,2027,,male,male,,一致が2項目未満,cga-chubu-open-2025-mixed cga-junior-2025-boys-15-17 chubu-kougoren-summer-qualifier-2025-boys-individual chubu-kougoren-summer-qualifier-2025-boys-team jga-junior-2024-boys-15-17 jga-junior-2025-boys-15-17 kougoren-spring-2024-boys-individual kougoren-spring-2025-boys-individual kougoren-summer-2024-boys-individual kougoren-summer-2025-boys-team,jga-junior-2026-boys-15-17 kokusupo-2023-boys-individual kokusupo-2023-boys-team kokusupo-2024-boys-individual kokusupo-2024-boys-team kokusupo-2025-boys-individual kokusupo-2025-boys-team,
未統合,清本 貴秀,p_110e664c77c9,p_f9d70a42cf0e,代々木高等学校,,東京,愛知,2027,,male,male,,一致が2項目未満,cga-junior-2026-boys-15-17 kougoren-summer-2026-boys-team,jga-junior-2026-boys-15-17 kokusupo-2023-boys-individual kokusupo-2023-boys-team kokusupo-2024-boys-individual kokusupo-2024-boys-team kokusupo-2025-boys-individual kokusupo-2025-boys-team,
統合済み (要確認),今屋 大雄,p_ff58b495c590,p_ab57f8807fa3,埼玉栄高等学校,,埼玉,東京,2027,,male,male,,わかっている項目が1つ以下の記録を、食い違いのない同名の1人にまとめた,jga-junior-2024-boys-15-17 jga-junior-2025-boys-15-17 kanto-kougoren-summer-qualifier-2025-boys-individual kga-junior-2025-boys-15-17 kga-junior-2026-boys-15-17 kougoren-spring-2024-boys-individual kougoren-spring-2025-boys-individual,kokusupo-2025-boys-individual kokusupo-2025-boys-team kokusupo-2026-boys-individual kokusupo-2026-boys-team,
未統合,水谷 海琉,p_62f8d070de73,p_17f12facbdc5,中部大学第一高等学校,中部第一高,愛知,,2026,2026,male,mixed,graduation_year,一致が2項目未満,aichi-ga-amateur-2025-boys aichi-ga-junior-2025-boys cga-junior-2025-boys-15-17 chubu-kougoren-summer-qualifier-2025-boys-individual chubu-kougoren-summer-qualifier-2025-boys-team jga-junior-2024-boys-15-17 jga-junior-2025-boys-15-17 kokusupo-2024-boys-individual kokusupo-2024-boys-team kokusupo-2025-boys-individual kokusupo-2025-boys-team kougoren-spring-2023-boys-individual kougoren-spring-2024-boys-individual kougoren-summer-2023-boys-team kougoren-summer-2024-boys-individual kougoren-summer-2024-boys-team kougoren-summer-2025-boys-team,cga-chubu-open-2025-mixed,
統合済み (要確認),光成 颯,p_7d7f109ca600,p_bece0db98927,福井工業大学附属福井高等学校,福井,福井,,2027,,male,male,school,わかっている項目が1つ以下の記録を、食い違いのない同名の1人にまとめた,cga-junior-2026-boys-15-17 cga-junior-qualifier-hokuriku-2025-boys-15-17 jga-junior-2024-boys-15-17 kougoren-spring-2024-boys-individual kougoren-spring-2025-boys-individual kougoren-summer-2024-boys-individual kougoren-summer-2026-boys-team,fukui-ga-junior-2025-boys kokusupo-2023-boys-individual kokusupo-2023-boys-team,
統合済み (要確認),光成 颯,p_7d7f109ca600,p_66a8fed25be6,福井工業大学附属福井高等学校,,福井,福井,2027,,male,male,prefecture,わかっている項目が1つ以下の記録を、食い違いのない同名の1人にまとめた,cga-junior-2026-boys-15-17 cga-junior-qualifier-hokuriku-2025-boys-15-17 fukui-ga-junior-2025-boys jga-junior-2024-boys-15-17 kokusupo-2023-boys-individual kokusupo-2023-boys-team kougoren-spring-2024-boys-individual kougoren-spring-2025-boys-individual kougoren-summer-2024-boys-individual kougoren-summer-2026-boys-team,fukui-ga-junior-2026-boys kokusupo-2024-boys-individual kokusupo-2024-boys-team kokusupo-2026-boys-individual kokusupo-2026-boys-team,
統合済み (要確認),山田 龍之介,p_f59758657549,p_a2238492a37c,興國高等学校,,大阪,兵庫,2027,,male,male,,わかっている項目が1つ以下の記録を、食い違いのない同名の1人にまとめた,jga-junior-2024-boys-15-17 jga-junior-2025-boys-15-17 jga-junior-2026-boys-15-17 kansai-kougoren-championship-2026-boys kansai-kougoren-fall-final-2025-boys kougoren-spring-2024-boys-individual kougoren-spring-2025-boys-individual kougoren-summer-2024-boys-individual kougoren-summer-2024-boys-team kougoren-summer-2025-boys-team kougoren-summer-2026-boys-team osaka-kogoren-autumn-2024-boys osaka-kogoren-autumn-2025-boys osaka-kogoren-championship-2024-boys osaka-kogoren-championship-2025-boys osaka-kogoren-championship-2026-boys osaka-kogoren-shigaku-sotai-2024-boys,kokusupo-2024-boys-individual kokusupo-2024-boys-team kokusupo-2026-boys-individual kokusupo-2026-boys-team,
未統合,渡邊 築樹,p_2a74a826b47c,p_53a34a90c5db,日本ウェルネス高等学校,代々木高等学校,茨城,東京,2027,2027,male,male,graduation_year,一致が2項目未満,jga-junior-2024-boys-15-17 jga-junior-2025-boys-15-17 kanto-kougoren-summer-qualifier-2025-boys-individual kanto-kougoren-summer-qualifier-2025-boys-team kga-junior-2025-boys-15-17 kougoren-spring-2024-boys-individual kougoren-spring-2025-boys-individual kougoren-summer-2024-boys-individual kougoren-summer-2024-boys-team kougoren-summer-2025-boys-team,kga-junior-2026-boys-15-17 kougoren-summer-2026-boys-team,
統合済み (要確認),藤井 響,p_b7793ce7745b,p_c1c024e6a9dd,福井工業大学附属福井高等学校,福井,福井,,2026,,male,male,school,わかっている項目が1つ以下の記録を、食い違いのない同名の1人にまとめた,cga-junior-qualifier-hokuriku-2025-boys-15-17 jga-junior-2024-boys-15-17 kougoren-summer-2023-boys-team kougoren-summer-2024-boys-individual,fukui-ga-junior-2025-boys,
統合済み (要確認),藤井 響,p_b7793ce7745b,p_39bc8696aaee,福井工業大学附属福井高等学校,,福井,福井,2026,,male,male,prefecture,わかっている項目が1つ以下の記録を、食い違いのない同名の1人にまとめた,cga-junior-qualifier-hokuriku-2025-boys-15-17 fukui-ga-junior-2025-boys jga-junior-2024-boys-15-17 kougoren-summer-2023-boys-team kougoren-summer-2024-boys-individual,kokusupo-2024-boys-individual kokusupo-2024-boys-team,
統合済み (要確認),浅井 晴太,p_c0e2661f15f9,p_f6a032b7b1a0,松山聖陵高等学校,,愛媛,,2027,,male,male,,わかっている項目が1つ以下の記録を、食い違いのない同名の1人にまとめた,ehime-ga-hs-championship-2024-boys ehime-ga-hs-championship-2025-boys ehime-ga-hs-championship-2026-boys jga-junior-2024-boys-15-17 jga-junior-2025-boys-15-17 kougoren-spring-2024-boys-individual kougoren-spring-2025-boys-individual kougoren-summer-2024-boys-individual sgu-junior-2026-boys-15-17 shikoku-kougoren-summer-championship-2025-boys-individual,jga-junior-2026-boys-15-17,
統合済み (要確認),中野識司,p_287b1c7796d0,p_f3bde5143c9f,代々木高等学校,,東京,,2025,,male,male,,わかっている項目が1つ以下の記録を、食い違いのない同名の1人にまとめた,kougoren-summer-2024-boys-team,jga-junior-2024-boys-15-17,
統合済み (要確認),石井 健梧,p_0626cf54afc3,p_0e29347b1eee,埼玉栄高等学校,,埼玉,東京,2026,,male,male,,わかっている項目が1つ以下の記録を、食い違いのない同名の1人にまとめた,jga-junior-2024-boys-15-17 jga-junior-2025-boys-15-17 kanto-kougoren-summer-qualifier-2025-boys-individual kga-junior-2025-boys-15-17 kougoren-spring-2023-boys-individual kougoren-spring-2024-boys-individual kougoren-summer-2024-boys-individual kougoren-summer-2024-boys-team,kokusupo-2025-boys-individual kokusupo-2025-boys-team,
統合済み (要確認),平山 心暖,p_57ba0b858ebc,p_893b88a029cf,中部大学第一高等学校,,愛知,,2027,,female,female,,わかっている項目が1つ以下の記録を、食い違いのない同名の1人にまとめた,aichi-ga-junior-2025-girls aichi-ga-womens-amateur-2025-girls cga-junior-2025-girls-15-17 cga-junior-2026-girls-15-17 cga-junior-qualifier-aichi-2025-girls-15-17 chubu-kougoren-summer-qualifier-2025-girls-individual chubu-kougoren-summer-qualifier-2025-girls-team jga-junior-2024-girls-15-17 jga-junior-2025-girls-15-17 kougoren-spring-2024-girls-individual kougoren-spring-2025-girls-individual kougoren-summer-2024-girls-individual kougoren-summer-2024-girls-team kougoren-summer-2025-girls-team mie-ga-junior-2026-girls,jga-junior-2026-girls-15-17,
統合済み (要確認),中山 凜花,p_17717826902f,p_3f7b4d31e3e5,中部大学第一高等学校,,愛知,,2027,,female,female,,わかっている項目が1つ以下の記録を、食い違いのない同名の1人にまとめた,aichi-ga-junior-2025-girls aichi-ga-junior-2026-girls aichi-ga-womens-amateur-2025-girls cga-junior-2025-girls-15-17 cga-junior-2026-girls-15-17 jga-junior-2024-girls-15-17 jga-junior-2025-girls-15-17 kougoren-spring-2025-girls-individual kougoren-summer-2024-girls-individual kougoren-summer-2024-girls-team kougoren-summer-2025-girls-team,jga-junior-2026-girls-15-17,
統合済み (要確認),石口 寛樹,p_aff0240e505b,p_fc1533d8ff90,興國高等学校,,大阪,奈良,2028,,male,male,,わかっている項目が1つ以下の記録を、食い違いのない同名の1人にまとめた,jga-junior-2025-boys-15-17 jga-junior-2026-boys-15-17 kansai-kougoren-championship-2026-boys kansai-kougoren-fall-final-2025-boys kougoren-spring-2025-boys-individual kougoren-summer-2025-boys-team kougoren-summer-2026-boys-team osaka-kogoren-autumn-2025-boys osaka-kogoren-championship-2025-boys osaka-kogoren-championship-2026-boys,kokusupo-2024-boys-individual kokusupo-2024-boys-team kokusupo-2025-boys-individual kokusupo-2025-boys-team kokusupo-2026-boys-individual kokusupo-2026-boys-team,
統合済み (要確認),吉行 アムロ,p_b8af4c57b698,p_d0dbe3853339,広島国際学院高等学校,,広島,広島,2028,,male,male,prefecture,わかっている項目が1つ以下の記録を、食い違いのない同名の1人にまとめた,cgu-junior-2025-boys-15-17 cgu-junior-2026-boys-15-17 hiroshima-kougoren-championship-2025-boys hiroshima-kougoren-championship-2026-boys hiroshima-kougoren-shinjin-2025-boys jga-junior-2025-boys-15-17 kougoren-spring-2025-boys-individual kougoren-summer-2026-boys-team,jga-junior-2026-boys-15-17 kokusupo-2024-boys-individual kokusupo-2024-boys-team kokusupo-2025-boys-individual kokusupo-2025-boys-team kokusupo-2026-boys-individual kokusupo-2026-boys-team,
統合済み (要確認),中上 遼真,p_0b36b81de360,p_9856cb6df080,広島国際学院高等学校,,広島,広島,2028,,male,male,prefecture,わかっている項目が1つ以下の記録を、食い違いのない同名の1人にまとめた,cgu-junior-2025-boys-15-17 cgu-junior-2026-boys-15-17 chugoku-kougoren-summer-qualifier-2025-boys-team hiroshima-kougoren-championship-2025-boys hiroshima-kougoren-championship-2026-boys hiroshima-kougoren-shinjin-2025-boys hiroshima-kougoren-summer-2025-boys jga-junior-2025-boys-15-17 kougoren-spring-2025-boys-individual kougoren-summer-2025-boys-team kougoren-summer-2026-boys-team,jga-junior-2026-boys-15-17 kokusupo-2024-boys-individual kokusupo-2024-boys-team kokusupo-2025-boys-individual kokusupo-2025-boys-team kokusupo-2026-boys-individual kokusupo-2026-boys-team,
統合済み (要確認),林田 遼汰,p_0fb583ef5a83,p_11bf3c583c23,佐野日本大学高等学校,,栃木,埼玉,2028,,male,male,,わかっている項目が1つ以下の記録を、食い違いのない同名の1人にまとめた,jga-junior-2025-boys-15-17 jga-junior-2026-boys-15-17 kanto-kougoren-summer-qualifier-2025-boys-individual kanto-kougoren-summer-qualifier-2025-boys-team kga-junior-2025-boys-15-17 kga-junior-2026-boys-15-17 kokusupo-2025-boys-individual kokusupo-2025-boys-team kokusupo-2026-boys-individual kokusupo-2026-boys-team kougoren-spring-2025-boys-individual kougoren-summer-2025-boys-team kougoren-summer-2026-boys-team tochigi-ga-junior-2026-boys tochigi-ga-kanto-junior-qualifier-2025-boys,kokusupo-2024-boys-individual kokusupo-2024-boys-team,
統合済み (要確認),神永 直輝,p_e8c5625d2c92,p_8041179bb9a8,埼玉栄高等学校,,埼玉,東京,2028,,male,male,,わかっている項目が1つ以下の記録を、食い違いのない同名の1人にまとめた,jga-junior-2025-boys-15-17 jga-junior-2026-boys-15-17 kanto-kougoren-summer-qualifier-2025-boys-individual kga-junior-2025-boys-15-17 kga-junior-2026-boys-15-17 kougoren-spring-2025-boys-individual kougoren-summer-2025-boys-team kougoren-summer-2026-boys-team,kokusupo-2024-boys-individual kokusupo-2024-boys-team kokusupo-2025-boys-individual kokusupo-2025-boys-team,
統合済み (要確認),宇苗 蒼空,p_c6ef86fea92d,p_b3b4e3710172,福井工業大学附属福井高等学校,,福井,北海道,2028,,male,male,,わかっている項目が1つ以下の記録を、食い違いのない同名の1人にまとめた,cga-junior-2025-boys-15-17 cga-junior-2026-boys-15-17 cga-junior-qualifier-hokuriku-2025-boys-15-17 jga-junior-2025-boys-15-17 jga-junior-2026-boys-15-17 kokusupo-2026-boys-individual kokusupo-2026-boys-team kougoren-spring-2025-boys-individual kougoren-summer-2026-boys-team,kokusupo-2024-boys-individual kokusupo-2024-boys-team,
統合済み (要確認),濵口 紘,p_1b761cc0a495,p_156e0c4c0ed9,栄徳高等学校,,愛知,愛知,2028,,male,male,prefecture,わかっている項目が1つ以下の記録を、食い違いのない同名の1人にまとめた,aichi-ga-amateur-2025-boys aichi-ga-amateur-2026-boys aichi-ga-junior-2025-boys aichi-ga-junior-2026-boys cga-junior-2025-boys-15-17 cga-junior-2026-boys-15-17 cga-junior-qualifier-aichi-2025-boys-15-17 chubu-kougoren-summer-qualifier-2025-boys-individual chubu-kougoren-summer-qualifier-2025-boys-team jga-junior-2025-boys-15-17 kougoren-spring-2025-boys-individual kougoren-summer-2025-boys-team kougoren-summer-2026-boys-team,kokusupo-2026-boys-individual kokusupo-2026-boys-team,
統合済み (要確認),沖田 雫,p_6018094cd0c0,p_af8a505d0f34,埼玉栄高等学校,,埼玉,千葉,2028,,male,male,,わかっている項目が1つ以下の記録を、食い違いのない同名の1人にまとめた,jga-junior-2025-boys-15-17 jga-junior-2026-boys-15-17 kanto-kougoren-summer-qualifier-2025-boys-individual kga-junior-2025-boys-15-17 kga-junior-2026-boys-15-17 kougoren-spring-2025-boys-individual kougoren-summer-2025-boys-team,kokusupo-2025-boys-individual kokusupo-2025-boys-team kokusupo-2026-boys-individual kokusupo-2026-boys-team,
統合済み (要確認),江川 昴,p_d64ad0203e99,p_67d748d45c80,日本大学第一高等学校,日本大学第一高,東京,,2028,,male,male,school,わかっている項目が1つ以下の記録を、食い違いのない同名の1人にまとめた,jga-junior-2025-boys-15-17 kanto-kougoren-summer-qualifier-2025-boys-individual kanto-kougoren-summer-qualifier-2025-boys-team kougoren-spring-2025-boys-individual,kga-cup-junior-2026-boys-15-17,
未統合,江川 昴,p_d64ad0203e99,p_cc60bc8995c0,日本大学第一高等学校,日大一高,東京,,2028,,male,male,,一致が2項目未満,jga-junior-2025-boys-15-17 kanto-kougoren-summer-qualifier-2025-boys-individual kanto-kougoren-summer-qualifier-2025-boys-team kga-cup-junior-2026-boys-15-17 kougoren-spring-2025-boys-individual,kga-junior-2025-boys-15-17 kga-junior-2026-boys-15-17,
統合済み (要確認),上笹貫 雄介,p_ef2ca5efd1b9,p_f8c7980e821f,埼玉栄高等学校,,埼玉,東京,2028,,male,male,,わかっている項目が1つ以下の記録を、食い違いのない同名の1人にまとめた,jga-junior-2025-boys-15-17 jga-junior-2026-boys-15-17 kanto-kougoren-summer-qualifier-2025-boys-individual kga-junior-2025-boys-15-17 kga-junior-2026-boys-15-17 kougoren-spring-2025-boys-individual,kokusupo-2026-boys-individual kokusupo-2026-boys-team,
統合済み (要確認),塩谷 凜太郎,p_b22173cc5b66,p_1918f4fdde64,八戸学院光星高等学校,,青森,青森,2027,,male,male,prefecture,わかっている項目が1つ以下の記録を、食い違いのない同名の1人にまとめた,aomori-ga-amateur-2025-boys aomori-ga-junior-2025-boys aomori-ga-junior-2026-boys aomori-ga-tohoku-amateur-qualifier-2025-boys aomori-ga-tohoku-amateur-qualifier-2026-boys aomori-hsgf-shinjin-2025-boys aomori-hsgf-spring-2025-boys aomori-hsgf-spring-2026-boys jga-junior-2025-boys-15-17 kougoren-spring-2024-boys-individual kougoren-spring-2025-boys-individual kougoren-summer-2024-boys-team kougoren-summer-2025-boys-team kougoren-summer-2026-boys-team tga-amateur-2025-boys tga-amateur-2026-boys tohoku-junior-2025-boys-15-17 tohoku-junior-2026-boys-15-17 tohoku-kougoren-summer-championship-2025-boys tohoku-kougoren-summer-championship-2026-boys,jga-junior-2026-boys-15-17 kokusupo-2024-boys-individual kokusupo-2024-boys-team kokusupo-2025-boys-individual kokusupo-2025-boys-team kokusupo-2026-boys-individual kokusupo-2026-boys-team,
統合済み (要確認),斎藤 優空,p_4ea76e596461,p_2fd626090455,八戸学院光星高等学校,,青森,,2027,,male,male,,わかっている項目が1つ以下の記録を、食い違いのない同名の1人にまとめた,akita-ga-junior-autumn-2025-boys aomori-ga-amateur-2025-boys aomori-ga-amateur-2026-boys aomori-ga-junior-2025-boys aomori-ga-tohoku-amateur-qualifier-2025-boys aomori-ga-tohoku-amateur-qualifier-2026-boys aomori-hsgf-shinjin-2025-boys aomori-hsgf-spring-2025-boys aomori-hsgf-spring-2026-boys jga-junior-2025-boys-15-17 kougoren-spring-2024-boys-individual kougoren-spring-2025-boys-individual kougoren-summer-2025-boys-team kougoren-summer-2026-boys-team tga-amateur-2026-boys tohoku-junior-2025-boys-15-17 tohoku-junior-2026-boys-15-17 tohoku-kougoren-summer-championship-2025-boys tohoku-kougoren-summer-championship-2026-boys,jga-junior-2026-boys-15-17,
統合済み (要確認),斎藤 優空,p_4ea76e596461,p_4b7ac2b9100b,八戸学院光星高等学校,,青森,青森,2027,,male,male,prefecture,わかっている項目が1つ以下の記録を、食い違いのない同名の1人にまとめた,akita-ga-junior-autumn-2025-boys aomori-ga-amateur-2025-boys aomori-ga-amateur-2026-boys aomori-ga-junior-2025-boys aomori-ga-tohoku-amateur-qualifier-2025-boys aomori-ga-tohoku-amateur-qualifier-2026-boys aomori-hsgf-shinjin-2025-boys aomori-hsgf-spring-2025-boys aomori-hsgf-spring-2026-boys jga-junior-2025-boys-15-17 jga-junior-2026-boys-15-17 kougoren-spring-2024-boys-individual kougoren-spring-2025-boys-individual kougoren-summer-2025-boys-team kougoren-summer-2026-boys-team tga-amateur-2026-boys tohoku-junior-2025-boys-15-17 tohoku-junior-2026-boys-15-17 tohoku-kougoren-summer-championship-2025-boys tohoku-kougoren-summer-championship-2026-boys,kokusupo-2026-boys-individual kokusupo-2026-boys-team,
統合済み (要確認),大久保 友貴,p_b00029259742,p_37bb0c747b0e,千葉日本大学第一高等学校,,千葉,,2028,,male,male,,わかっている項目が1つ以下の記録を、食い違いのない同名の1人にまとめた,jga-junior-2025-boys-15-17 kanto-kougoren-summer-qualifier-2025-boys-individual,jga-junior-2026-boys-15-17,
未統合,大久保 友貴,p_b00029259742,p_b2da431d222d,千葉日本大学第一高等学校,千葉日大一高,千葉,,2028,,male,male,,一致が2項目未満,jga-junior-2025-boys-15-17 jga-junior-2026-boys-15-17 kanto-kougoren-summer-qualifier-2025-boys-individual,kga-junior-2025-boys-15-17 kga-junior-2026-boys-15-17,
統合済み (要確認),浦西 亮輔,p_b0ba77d21805,p_13ce6e0e6ac3,大阪桐蔭高等学校,,大阪,奈良,2028,,male,male,,わかっている項目が1つ以下の記録を、食い違いのない同名の1人にまとめた,jga-junior-2025-boys-15-17 jga-junior-2026-boys-15-17 kansai-kougoren-championship-2025-boys kansai-kougoren-championship-2026-boys kansai-kougoren-fall-final-2025-boys kgu-amateur-2025-boys kougoren-spring-2025-boys-individual kougoren-summer-2025-boys-team kougoren-summer-2026-boys-team osaka-kogoren-autumn-2025-boys osaka-kogoren-championship-2025-boys osaka-kogoren-championship-2026-boys osaka-kogoren-shigaku-sotai-2025-boys,kokusupo-2025-boys-individual kokusupo-2025-boys-team kokusupo-2026-boys-individual kokusupo-2026-boys-team,
統合済み (要確認),稲田 堅心,p_169c4b6ea4fb,p_0074dee7ed17,沖学園高等学校,,福岡,福岡,2028,,male,male,prefecture,わかっている項目が1つ以下の記録を、食い違いのない同名の1人にまとめた,guk-junior-2025-boys-15-17 jga-junior-2025-boys-15-17 kougoren-spring-2025-boys-individual kyushu-kougoren-shinjin-2025-boys,fukuoka-ga-junior-hs-2026-boys,
統合済み (要確認),杉山 来應,p_dd475f446cb4,p_613b2026b7d8,日本体育大学荏原高等学校,日体荏原,東京,,2026,,male,male,school,わかっている項目が1つ以下の記録を、食い違いのない同名の1人にまとめた,jga-junior-2025-boys-15-17 kanto-kougoren-summer-qualifier-2025-boys-individual,kga-junior-2025-boys-15-17,
統合済み (要確認),藤野 蒼來,p_90097c2c2ea2,p_dd421e0ca513,勇志国際高等学校,,宮崎,鹿児島,2028,,female,female,,わかっている項目が1つ以下の記録を、食い違いのない同名の1人にまとめた,guk-junior-2025-girls-15-17 guk-junior-2026-girls-15-17 jga-junior-2025-girls-15-17 jga-junior-2026-girls-15-17 kougoren-spring-2025-girls-individual,kagoshima-ga-kyushu-junior-qualifier-2025-girls,
統合済み (要確認),華卓逸,p_0580b70d849f,p_a2f554bc8908,沖学園高等学校,,福岡,,2027,,female,female,,わかっている項目が1つ以下の記録を、食い違いのない同名の1人にまとめた,guk-junior-2025-girls-15-17 guk-junior-2026-girls-15-17 jga-junior-2025-girls-15-17 kougoren-spring-2025-girls-individual kougoren-summer-2025-girls-team kougoren-summer-2026-girls-team kyushu-kougoren-shinjin-2025-girls,jga-junior-2026-girls-15-17,
未統合,松本來海,p_0935e9ee882f,p_59ad0ea066ae,日ノ本学園高等学校,慶風高等学校,兵庫,和歌山,2026,2026,female,female,graduation_year,一致が2項目未満,kougoren-spring-2023-girls-individual kougoren-summer-2024-girls-team,jga-junior-2025-girls-15-17 kansai-kougoren-championship-2025-girls,
統合済み (要確認),戸張 美音,p_7afd4b043437,p_430586682351,日本体育大学荏原高等学校,,東京,,2028,,female,female,,わかっている項目が1つ以下の記録を、食い違いのない同名の1人にまとめた,jga-junior-2025-girls-15-17 kanto-kougoren-summer-qualifier-2025-girls-individual kanto-kougoren-summer-qualifier-2025-girls-team kougoren-spring-2025-girls-individual kougoren-summer-2025-girls-team kougoren-summer-2026-girls-team,jga-junior-2026-girls-15-17,
統合済み (要確認),戸張 美音,p_7afd4b043437,p_92b75483b96b,日本体育大学荏原高等学校,日体荏原,東京,,2028,,female,female,school,わかっている項目が1つ以下の記録を、食い違いのない同名の1人にまとめた,jga-junior-2025-girls-15-17 jga-junior-2026-girls-15-17 kanto-kougoren-summer-qualifier-2025-girls-individual kanto-kougoren-summer-qualifier-2025-girls-team kougoren-spring-2025-girls-individual kougoren-summer-2025-girls-team kougoren-summer-2026-girls-team,kga-junior-2025-girls-15-17 kga-junior-2026-girls-15-17,
統合済み (要確認),神田 陽色,p_0d2e69b6e4d6,p_7822c4cb6a08,第一薬科大学付属高等学校,,福岡,,2028,,female,female,,わかっている項目が1つ以下の記録を、食い違いのない同名の1人にまとめた,cgu-junior-2025-girls-15-17 cgu-junior-2026-girls-15-17 jga-junior-2025-girls-15-17 kougoren-spring-2025-girls-individual kougoren-summer-2025-girls-team kougoren-summer-2026-girls-team kyushu-kougoren-shinjin-2025-girls,jga-junior-2026-girls-15-17,
未統合,寺岡鈴音,p_52bde0914c4b,p_0456c210c08e,並木学院福山高等学校,並木学園,広島,,2028,2028,female,female,graduation_year,一致が2項目未満,cgu-junior-2025-girls-15-17 hiroshima-kougoren-championship-2025-girls hiroshima-kougoren-championship-2026-girls jga-junior-2025-girls-15-17 kougoren-spring-2025-girls-individual,cgu-junior-2026-girls-15-17,
未統合,寺岡鈴音,p_52bde0914c4b,p_12b74261302a,並木学院福山高等学校,,広島,,2028,,female,female,,一致が2項目未満,cgu-junior-2025-girls-15-17 hiroshima-kougoren-championship-2025-girls hiroshima-kougoren-championship-2026-girls jga-junior-2025-girls-15-17 kougoren-spring-2025-girls-individual,jga-junior-2026-girls-15-17,
未統合,寺岡 鈴音,p_0456c210c08e,p_12b74261302a,並木学園,,,,2028,,female,female,,一致が2項目未満,cgu-junior-2026-girls-15-17,jga-junior-2026-girls-15-17,
統合済み (要確認),渡部 琴,p_3387126a983b,p_abe5f91ee70d,ルネサンス大阪高等学校,,大阪,,2028,,female,female,,わかっている項目が1つ以下の記録を、食い違いのない同名の1人にまとめた,jga-junior-2025-girls-15-17 kansai-kougoren-fall-final-2025-girls kga-junior-2025-girls-15-17 kga-junior-2026-girls-15-17 kougoren-summer-2026-girls-team osaka-kogoren-autumn-2025-girls osaka-kogoren-championship-2025-girls shizuoka-ga-junior-hsa-2026-girls,shizuoka-ga-junior-hsa-2025-girls,
統合済み (要確認),重原大志,p_129e1e4b1603,p_2a22a72c200a,鹿児島城西高等学校,,鹿児島,鹿児島,2025,,male,male,prefecture,わかっている項目が1つ以下の記録を、食い違いのない同名の1人にまとめた,kougoren-spring-2023-boys-individual kougoren-summer-2024-boys-individual,kagoshima-ga-junior-hs-2024-boys,
未統合,川嵜晃生,p_dfed41944edf,p_c181e8835bed,三重県立聾学校,県立聾学,三重,,2026,,male,male,,一致が2項目未満,cga-junior-2025-boys-15-17 cga-junior-qualifier-mie-2025-boys-15-17 kougoren-spring-2023-boys-individual,mie-ga-junior-2025-boys,
統合済み (要確認),渡辺櫂人,p_337cdfc47cf7,p_7b07fe1ade5f,福岡県立武蔵台高等学校,,福岡,福岡,2026,,male,male,prefecture,わかっている項目が1つ以下の記録を、食い違いのない同名の1人にまとめた,kougoren-spring-2023-boys-individual,fukuoka-ga-junior-hs-2024-boys,
未統合,桜庭禄碩,p_bd591d42d952,p_c9a52e366b2a,八戸聖ウルスラ学院高等学校,八戸聖ウルスラ学園,青森,,2026,2026,male,male,graduation_year,一致が2項目未満,aomori-ga-tohoku-amateur-qualifier-2025-boys aomori-hsgf-spring-2025-boys kougoren-spring-2023-boys-individual kougoren-spring-2024-boys-individual tga-amateur-2025-boys,tohoku-junior-2025-boys-15-17,
未統合,桜庭禄碩,p_bd591d42d952,p_e381f4e138ff,八戸聖ウルスラ学院高等学校,,青森,青森,2026,,male,male,prefecture,一致が2項目未満,aomori-ga-tohoku-amateur-qualifier-2025-boys aomori-hsgf-spring-2025-boys kougoren-spring-2023-boys-individual kougoren-spring-2024-boys-individual tga-amateur-2025-boys,kokusupo-2024-boys-individual kokusupo-2024-boys-team kokusupo-2025-boys-individual kokusupo-2025-boys-team,
未統合,桜庭 禄碩,p_c9a52e366b2a,p_e381f4e138ff,八戸聖ウルスラ学園,,,青森,2026,,male,male,,一致が2項目未満,tohoku-junior-2025-boys-15-17,kokusupo-2024-boys-individual kokusupo-2024-boys-team kokusupo-2025-boys-individual kokusupo-2025-boys-team,
統合済み (要確認),比嘉玲王,p_36147e627394,p_29f6e3a7777d,柳ヶ浦高等学校,,大分,沖縄,2027,,male,male,,わかっている項目が1つ以下の記録を、食い違いのない同名の1人にまとめた,guk-junior-2025-boys-15-17 guk-junior-2026-boys-15-17 guk-kyushu-open-2026-mixed jga-junior-2026-boys-15-17 kokusupo-2026-boys-individual kokusupo-2026-boys-team kougoren-spring-2024-boys-individual kougoren-spring-2025-boys-individual kougoren-summer-2024-boys-team kougoren-summer-2025-boys-team kougoren-summer-2026-boys-team kyushu-kougoren-shinjin-2025-boys oita-ga-hs-sotai-2026-boys,kokusupo-2023-boys-individual kokusupo-2023-boys-team,
統合済み (要確認),山本大勢,p_b46d0d7494f3,p_c39d9884d5ef,福岡第一高等学校,,福岡,福岡,2026,,male,male,prefecture,わかっている項目が1つ以下の記録を、食い違いのない同名の1人にまとめた,guk-junior-2025-boys-15-17 kougoren-spring-2024-boys-individual kougoren-summer-2023-boys-team,fukuoka-ga-junior-hs-2024-boys,
統合済み (要確認),髙坂信一郎,p_6db891fb7417,p_f431449d28a0,クラーク記念国際高等学校,,静岡,,2026,,male,male,,わかっている項目が1つ以下の記録を、食い違いのない同名の1人にまとめた,kanto-kougoren-summer-qualifier-2025-boys-individual kga-cup-junior-2025-boys-15-17 kga-junior-2025-boys-15-17 kougoren-spring-2024-boys-individual,shizuoka-ga-junior-hsa-2025-boys,
統合済み (要確認),山本武蔵,p_32550ee052ee,p_8fb98bc58f53,沖学園高等学校,,福岡,福岡,2027,,male,male,prefecture,わかっている項目が1つ以下の記録を、食い違いのない同名の1人にまとめた,guk-junior-2025-boys-15-17 guk-junior-2026-boys-15-17 kougoren-spring-2024-boys-individual kyushu-kougoren-shinjin-2025-boys,fukuoka-ga-junior-hs-2024-boys fukuoka-ga-junior-hs-2025-boys,
未統合,山崎太喜,p_ccc34608528b,p_4fb0aed9c7a9,第一薬科大学付属高等学校,熊本国府高等学校,福岡,熊本,2027,2027,male,male,graduation_year,一致が2項目未満,guk-junior-2026-boys-15-17 kougoren-spring-2025-boys-individual kumamoto-ga-kumanichi-junior-2026-boys,guk-junior-2025-boys-15-17 kougoren-spring-2024-boys-individual kumamoto-ga-kumanichi-junior-2024-boys kumamoto-ga-kumanichi-junior-2025-boys kumamoto-ga-supokyo-junior-2024-boys kumamoto-ga-supokyo-junior-2025-boys,
未統合,三原 舞紀,p_07d228797f85,p_877fc2e1cb34,成美学園高等学校,埼玉栄高等学校,千葉,埼玉,2026,2026,female,female,graduation_year,一致が2項目未満,kougoren-spring-2024-girls-individual kougoren-summer-2024-girls-individual,kougoren-summer-2023-girls-individual kougoren-summer-2023-girls-team,
統合済み (要確認),黒木 夢,p_b985391a9e17,p_c57cc5baea77,ルネサンス大阪高等学校,,大阪,,2027,,female,female,,わかっている項目が1つ以下の記録を、食い違いのない同名の1人にまとめた,guk-junior-2025-girls-15-17 guk-junior-2026-girls-15-17 kansai-kougoren-fall-final-2025-girls kougoren-spring-2024-girls-individual kougoren-spring-2025-girls-individual kougoren-summer-2024-girls-individual kougoren-summer-2024-girls-team osaka-kogoren-autumn-2024-girls osaka-kogoren-autumn-2025-girls osaka-kogoren-championship-2024-girls,jga-junior-2026-girls-15-17,
統合済み (要確認),松本 愛未,p_bce25459acb1,p_838048a454d6,沖学園高等学校,,福岡,福岡,2026,,female,female,prefecture,わかっている項目が1つ以下の記録を、食い違いのない同名の1人にまとめた,guk-junior-2025-girls-15-17 kougoren-spring-2024-girls-individual kougoren-summer-2025-girls-team,fukuoka-ga-junior-hs-2024-girls,
統合済み (要確認),岡留 夢叶,p_295218aabb3f,p_e49b85165237,柳ヶ浦高等学校,,大分,鹿児島,2027,,female,female,,わかっている項目が1つ以下の記録を、食い違いのない同名の1人にまとめた,guk-junior-2025-girls-15-17 guk-junior-2026-girls-15-17 kougoren-spring-2024-girls-individual kougoren-spring-2025-girls-individual kyushu-kougoren-shinjin-2025-girls oita-ga-hs-sotai-2026-girls,kagoshima-ga-kyushu-junior-qualifier-2025-girls kagoshima-ga-kyushu-junior-qualifier-2026-girls,
統合済み (要確認),梅本 りさ,p_b0f0fb422663,p_206e6c1169fe,八戸学院光星高等学校,,青森,,2027,,female,female,,わかっている項目が1つ以下の記録を、食い違いのない同名の1人にまとめた,akita-ga-junior-autumn-2025-girls aomori-ga-junior-2025-girls aomori-ga-junior-2026-girls aomori-ga-kokusupo-selection-2025-girls aomori-ga-kokusupo-selection-2026-girls aomori-ga-womens-amateur-2025-girls aomori-ga-womens-amateur-2026-girls aomori-hsgf-shinjin-2025-girls aomori-hsgf-spring-2025-girls aomori-hsgf-spring-2026-girls kougoren-spring-2024-girls-individual kougoren-summer-2024-girls-individual kougoren-summer-2024-girls-team kougoren-summer-2025-girls-team kougoren-summer-2026-girls-team tga-womens-amateur-2025-girls tga-womens-amateur-2026-girls tohoku-junior-2025-girls-15-17 tohoku-junior-2026-girls-15-17 tohoku-kougoren-summer-championship-2025-girls tohoku-kougoren-summer-championship-2026-girls,jga-junior-2026-girls-15-17,
統合済み (要確認),平田兼慎,p_8b6c3d3c1bde,p_6d2174866b86,柳ヶ浦高等学校,,大分,大分,2028,,male,male,prefecture,わかっている項目が1つ以下の記録を、食い違いのない同名の1人にまとめた,guk-junior-2025-boys-15-17 guk-junior-2026-boys-15-17 guk-kyushu-open-2026-mixed kokusupo-2026-boys-individual kokusupo-2026-boys-team kougoren-spring-2025-boys-individual kougoren-summer-2025-boys-team kougoren-summer-2026-boys-team kyushu-kougoren-shinjin-2025-boys,oita-ga-hs-sotai-2026-boys,
統合済み (要確認),岡田健太郎,p_6917f0a5d54c,p_a07d9dcef2c0,福井工業大学附属福井高等学校,,福井,三重,2028,,male,male,,わかっている項目が1つ以下の記録を、食い違いのない同名の1人にまとめた,cga-junior-2025-boys-15-17 cga-junior-2026-boys-15-17 chubu-kougoren-summer-qualifier-2025-boys-individual chubu-kougoren-summer-qualifier-2025-boys-team kokusupo-2025-boys-individual kokusupo-2025-boys-team kougoren-spring-2025-boys-individual kougoren-summer-2025-boys-team kougoren-summer-2026-boys-team,fukui-ga-junior-2026-boys kokusupo-2024-boys-individual kokusupo-2024-boys-team,
統合済み (要確認),峯田竜空,p_6b7e104dda9f,p_0d68d4d5d135,八戸学院光星高等学校,,青森,青森,2027,,male,male,prefecture,わかっている項目が1つ以下の記録を、食い違いのない同名の1人にまとめた,akita-ga-junior-autumn-2025-boys aomori-ga-amateur-2025-boys aomori-ga-amateur-2026-boys aomori-ga-junior-2025-boys aomori-ga-junior-2026-boys aomori-ga-tohoku-amateur-qualifier-2025-boys aomori-ga-tohoku-amateur-qualifier-2026-boys aomori-hsgf-shinjin-2025-boys aomori-hsgf-spring-2025-boys aomori-hsgf-spring-2026-boys kougoren-spring-2025-boys-individual kougoren-summer-2025-boys-team kougoren-summer-2026-boys-team tga-amateur-2025-boys tga-amateur-2026-boys tohoku-junior-2025-boys-15-17 tohoku-junior-2026-boys-15-17 tohoku-kougoren-summer-championship-2025-boys tohoku-kougoren-summer-championship-2026-boys,jga-junior-2026-boys-15-17 kokusupo-2025-boys-individual kokusupo-2025-boys-team kokusupo-2026-boys-individual kokusupo-2026-boys-team,
統合済み (要確認),北田聖久,p_b81d0467341a,p_806864cebfda,東大阪大学柏原高等学校,,大阪,,2027,,male,male,,わかっている項目が1つ以下の記録を、食い違いのない同名の1人にまとめた,kansai-kougoren-championship-2025-boys kansai-kougoren-championship-2026-boys kansai-kougoren-fall-final-2025-boys kougoren-spring-2025-boys-individual osaka-kogoren-autumn-2024-boys osaka-kogoren-autumn-2025-boys osaka-kogoren-championship-2024-boys osaka-kogoren-championship-2025-boys osaka-kogoren-championship-2026-boys osaka-kogoren-shigaku-sotai-2024-boys osaka-kogoren-shigaku-sotai-2025-boys osaka-kogoren-shigaku-sotai-2026-boys,jga-junior-2026-boys-15-17,
統合済み (要確認),中山雄太,p_eb40204c85f8,p_92b082a86fe3,鹿児島城西高等学校,,鹿児島,鹿児島,2028,,male,male,prefecture,わかっている項目が1つ以下の記録を、食い違いのない同名の1人にまとめた,guk-junior-2025-boys-15-17 guk-junior-2026-boys-15-17 jga-junior-2026-boys-15-17 kokusupo-2026-boys-individual kokusupo-2026-boys-team kougoren-spring-2025-boys-individual kyushu-kougoren-shinjin-2025-boys,kagoshima-ga-junior-hs-2025-boys kagoshima-ga-kyushu-junior-qualifier-2025-boys kagoshima-ga-kyushu-junior-qualifier-2026-boys,
統合済み (要確認),大町晋太郎,p_897017c904ac,p_92c7a4215ad9,沖学園高等学校,,福岡,福岡,2028,,male,male,prefecture,わかっている項目が1つ以下の記録を、食い違いのない同名の1人にまとめた,guk-junior-2026-boys-15-17 kougoren-spring-2025-boys-individual kyushu-kougoren-shinjin-2025-boys,fukuoka-ga-junior-hs-2025-boys,
統合済み (要確認),八田凱斗,p_f6d26f7bba1a,p_4e8a2d089d9e,福井工業大学附属福井高等学校,,福井,,2027,,male,male,,わかっている項目が1つ以下の記録を、食い違いのない同名の1人にまとめた,cga-junior-2025-boys-15-17 cga-junior-2026-boys-15-17 cga-junior-qualifier-hokuriku-2025-boys-15-17 kougoren-spring-2025-boys-individual kougoren-summer-2026-boys-team,fukui-ga-junior-2026-boys jga-junior-2026-boys-15-17,
統合済み (要確認),八田凱斗,p_f6d26f7bba1a,p_e05feeb59089,福井工業大学附属福井高等学校,福井,福井,,2027,,male,male,school,わかっている項目が1つ以下の記録を、食い違いのない同名の1人にまとめた,cga-junior-2025-boys-15-17 cga-junior-2026-boys-15-17 cga-junior-qualifier-hokuriku-2025-boys-15-17 fukui-ga-junior-2026-boys jga-junior-2026-boys-15-17 kougoren-spring-2025-boys-individual kougoren-summer-2026-boys-team,fukui-ga-junior-2025-boys,
統合済み (要確認),坂倉拓未,p_a95a05fa32bc,p_7f9637b583c5,日本大学高等学校,,神奈川,神奈川,2028,,male,male,prefecture,わかっている項目が1つ以下の記録を、食い違いのない同名の1人にまとめた,kanto-kougoren-summer-qualifier-2025-boys-team kga-cup-junior-2025-boys-15-17 kga-junior-2026-boys-15-17 kougoren-spring-2025-boys-individual,jga-junior-2026-boys-15-17 kokusupo-2026-boys-individual kokusupo-2026-boys-team,
統合済み (要確認),岩川礼央,p_f48b98928636,p_a94cc6abe68f,尚志館高等学校,,鹿児島,鹿児島,2028,,male,male,prefecture,わかっている項目が1つ以下の記録を、食い違いのない同名の1人にまとめた,guk-junior-2026-boys-15-17 kougoren-spring-2025-boys-individual,kagoshima-ga-junior-hs-2025-boys kagoshima-ga-junior-hs-2026-boys kagoshima-ga-kyushu-junior-qualifier-2025-boys kagoshima-ga-kyushu-junior-qualifier-2026-boys,
統合済み (要確認),和田凱斗,p_3df3f93c0e6f,p_b6c1ea219c4e,福井工業大学附属福井高等学校,福井,福井,,2028,,male,male,school,わかっている項目が1つ以下の記録を、食い違いのない同名の1人にまとめた,cga-junior-2025-boys-15-17 cga-junior-2026-boys-15-17 cga-junior-qualifier-hokuriku-2025-boys-15-17 kougoren-spring-2025-boys-individual,fukui-ga-junior-2025-boys,
統合済み (要確認),岩本丞弘,p_14ae9ea1044a,p_dd22bb2509a6,沖学園高等学校,,福岡,福岡,2028,,male,male,prefecture,わかっている項目が1つ以下の記録を、食い違いのない同名の1人にまとめた,guk-junior-2026-boys-15-17 kougoren-spring-2025-boys-individual kyushu-kougoren-shinjin-2025-boys,fukuoka-ga-junior-hs-2025-boys fukuoka-ga-junior-hs-2026-boys,
統合済み (要確認),福留岬,p_147fed75f7b3,p_db8dd61ad389,鹿児島城西高等学校,,鹿児島,鹿児島,2027,,female,female,prefecture,わかっている項目が1つ以下の記録を、食い違いのない同名の1人にまとめた,guk-junior-2025-girls-15-17 guk-junior-2026-girls-15-17 kougoren-spring-2025-girls-individual kyushu-kougoren-shinjin-2025-girls,kagoshima-ga-kyushu-junior-qualifier-2025-girls kagoshima-ga-kyushu-junior-qualifier-2026-girls,
統合済み (要確認),須崎日愛,p_98ac394e6d60,p_f2c01c65d827,沖学園高等学校,,福岡,福岡,2028,,female,female,prefecture,わかっている項目が1つ以下の記録を、食い違いのない同名の1人にまとめた,guk-junior-2025-girls-15-17 guk-junior-2026-girls-15-17 kougoren-spring-2025-girls-individual kougoren-summer-2025-girls-team kougoren-summer-2026-girls-team kyushu-kougoren-shinjin-2025-girls,fukuoka-ga-junior-hs-2026-girls,
統合済み (要確認),大賀愛娘,p_5c49b06ffb63,p_1ee01c3eaed4,東福岡高等学校,,福岡,福岡,2028,,female,female,prefecture,わかっている項目が1つ以下の記録を、食い違いのない同名の1人にまとめた,guk-junior-2025-girls-15-17 guk-junior-2026-girls-15-17 jga-junior-2026-girls-15-17 kougoren-spring-2025-girls-individual kyushu-kougoren-shinjin-2025-girls,fukuoka-ga-junior-hs-2025-girls,
統合済み (要確認),西脇優衣,p_2216ccf8da05,p_3993b0d00d5a,新潟県立長岡大手高等学校,長岡大手２年,新潟,,2028,,female,female,school,わかっている項目が1つ以下の記録を、食い違いのない同名の1人にまとめた,kanto-kougoren-summer-qualifier-2025-girls-individual kga-junior-2025-girls-15-17 kougoren-spring-2025-girls-individual niigata-ga-junior-2026-girls niigata-ga-kanto-junior-qualifier-2025-girls,niigata-ga-kanto-junior-qualifier-2026-girls,
統合済み (要確認),西脇優衣,p_2216ccf8da05,p_1a6e46529ad3,新潟県立長岡大手高等学校,県立長岡大手,新潟,,2028,,female,female,school,わかっている項目が1つ以下の記録を、食い違いのない同名の1人にまとめた,kanto-kougoren-summer-qualifier-2025-girls-individual kga-junior-2025-girls-15-17 kougoren-spring-2025-girls-individual niigata-ga-junior-2026-girls niigata-ga-kanto-junior-qualifier-2025-girls niigata-ga-kanto-junior-qualifier-2026-girls,niigata-ga-junior-2025-girls,
統合済み (要確認),江坂実桜,p_a1345285f626,p_12b1622b3bdf,福井工業大学附属福井高等学校,,福井,,2027,,female,female,,わかっている項目が1つ以下の記録を、食い違いのない同名の1人にまとめた,cga-junior-2025-girls-15-17 cga-junior-2026-girls-15-17 cga-junior-qualifier-hokuriku-2025-girls-15-17 chubu-kougoren-summer-qualifier-2025-girls-individual chubu-kougoren-summer-qualifier-2025-girls-team kougoren-spring-2025-girls-individual kougoren-summer-2024-girls-team kougoren-summer-2025-girls-team,fukui-ga-junior-2026-girls,
統合済み (要確認),江坂実桜,p_a1345285f626,p_2e87de2a2a07,福井工業大学附属福井高等学校,福井,福井,,2027,,female,female,school,わかっている項目が1つ以下の記録を、食い違いのない同名の1人にまとめた,cga-junior-2025-girls-15-17 cga-junior-2026-girls-15-17 cga-junior-qualifier-hokuriku-2025-girls-15-17 chubu-kougoren-summer-qualifier-2025-girls-individual chubu-kougoren-summer-qualifier-2025-girls-team fukui-ga-junior-2026-girls kougoren-spring-2025-girls-individual kougoren-summer-2024-girls-team kougoren-summer-2025-girls-team,fukui-ga-junior-2025-girls,
統合済み (要確認),白垣美空,p_4ba25d10b8de,p_f69bf7e75588,福岡第一高等学校,,福岡,福岡,2027,,female,female,prefecture,わかっている項目が1つ以下の記録を、食い違いのない同名の1人にまとめた,kougoren-spring-2025-girls-individual kougoren-summer-2026-girls-team kyushu-kougoren-shinjin-2025-girls,fukuoka-ga-junior-hs-2024-girls fukuoka-ga-junior-hs-2025-girls,
統合済み (要確認),目黒風,p_13dcf4592f50,p_ca1aadd93ccd,帝京長岡高等学校,,新潟,,2028,,female,female,,わかっている項目が1つ以下の記録を、食い違いのない同名の1人にまとめた,kanto-kougoren-summer-qualifier-2025-girls-individual kga-junior-2026-girls-15-17 kougoren-spring-2025-girls-individual niigata-ga-junior-2025-girls niigata-ga-kanto-junior-qualifier-2025-girls,jga-junior-2026-girls-15-17,
統合済み (要確認),目黒風,p_13dcf4592f50,p_54a1aac8aed1,帝京長岡高等学校,帝京長岡２年,新潟,,2028,,female,female,school,わかっている項目が1つ以下の記録を、食い違いのない同名の1人にまとめた,jga-junior-2026-girls-15-17 kanto-kougoren-summer-qualifier-2025-girls-individual kga-junior-2026-girls-15-17 kougoren-spring-2025-girls-individual niigata-ga-junior-2025-girls niigata-ga-kanto-junior-qualifier-2025-girls,niigata-ga-kanto-junior-qualifier-2026-girls,
統合済み (要確認),鳩宿夢叶,p_18f82a84a177,p_97b4c8162655,樟南高等学校,,鹿児島,鹿児島,2028,,female,female,prefecture,わかっている項目が1つ以下の記録を、食い違いのない同名の1人にまとめた,guk-junior-2026-girls-15-17 kougoren-spring-2025-girls-individual kyushu-kougoren-shinjin-2025-girls,kagoshima-ga-kyushu-junior-qualifier-2025-girls kagoshima-ga-kyushu-junior-qualifier-2026-girls,
統合済み (要確認),松﨑 泰知,p_1f59837781bc,p_a7c9b355a339,山口県立山口高等学校,,山口,山口,2024,,male,male,prefecture,わかっている項目が1つ以下の記録を、食い違いのない同名の1人にまとめた,kougoren-summer-2023-boys-individual,kokusupo-2023-boys-individual kokusupo-2023-boys-team,
未統合,片岡 愛彩,p_68286eaec266,p_a2bf87f195a0,佐久長聖高等学校,ルネサンス高等学校,長野,茨城,2026,2026,female,female,graduation_year,一致が2項目未満,kougoren-summer-2023-girls-team,kanto-kougoren-summer-qualifier-2025-girls-individual,
未統合,中杉 桜盛,p_c76eb79f5e09,p_c7a5924ff885,明徳義塾高等学校,成美学園高等学校,高知,千葉,2026,2026,male,male,graduation_year,一致が2項目未満,kougoren-summer-2024-boys-individual kougoren-summer-2024-boys-team,kanto-kougoren-summer-qualifier-2025-boys-individual,
未統合,三浦 百枝,p_4b67ee61cc40,p_1a99eda76e0e,開志国際高等学校,S高等学校,新潟,京都,2027,,female,female,,一致が2項目未満,kougoren-summer-2024-girls-individual kougoren-summer-2024-girls-team,nagano-ga-junior-2025-girls,
統合済み (要確認),廣野 里彩,p_badf11f3766a,p_f570e82197b1,開志国際高等学校,開志国際３年,新潟,,2027,,female,female,school,わかっている項目が1つ以下の記録を、食い違いのない同名の1人にまとめた,kanto-kougoren-summer-qualifier-2025-girls-individual kanto-kougoren-summer-qualifier-2025-girls-team kga-junior-2025-girls-15-17 kga-junior-2026-girls-15-17 kougoren-summer-2024-girls-team kougoren-summer-2025-girls-team kougoren-summer-2026-girls-team niigata-ga-junior-2025-girls niigata-ga-kanto-junior-qualifier-2025-girls,niigata-ga-kanto-junior-qualifier-2026-girls,
統合済み (要確認),遠藤 美空,p_85826f911a0b,p_e9b01e5fb715,開志国際高等学校,開志国際３年,新潟,,2027,,female,female,school,わかっている項目が1つ以下の記録を、食い違いのない同名の1人にまとめた,kougoren-summer-2024-girls-team kougoren-summer-2026-girls-team niigata-ga-junior-2025-girls niigata-ga-junior-2026-girls niigata-ga-kanto-junior-qualifier-2025-girls,niigata-ga-kanto-junior-qualifier-2026-girls,
統合済み (要確認),大野 柚果,p_c907c9e0d42f,p_b10a1436061a,日本体育大学荏原高等学校,日本体育大学荏原,東京,,2027,,female,female,school,わかっている項目が1つ以下の記録を、食い違いのない同名の1人にまとめた,kanto-kougoren-summer-qualifier-2025-girls-individual kanto-kougoren-summer-qualifier-2025-girls-team kougoren-summer-2024-girls-team kougoren-summer-2025-girls-team kougoren-summer-2026-girls-team,kga-cup-junior-2026-girls-15-17,
統合済み (要確認),竹丸理世,p_18568a45be0f,p_1c42244d5419,開志国際高等学校,開志国際２年,新潟,,2028,,female,female,school,わかっている項目が1つ以下の記録を、食い違いのない同名の1人にまとめた,kanto-kougoren-summer-qualifier-2025-girls-individual kga-cup-junior-2026-girls-15-17 kougoren-summer-2025-girls-team kougoren-summer-2026-girls-team niigata-ga-junior-2025-girls niigata-ga-junior-2026-girls niigata-ga-kanto-junior-qualifier-2025-girls,niigata-ga-kanto-junior-qualifier-2026-girls,
統合済み (要確認),柳谷ひよ,p_c45bb4b09831,p_434fb6876ec0,福井工業大学附属福井高等学校,,福井,,2027,,female,female,,わかっている項目が1つ以下の記録を、食い違いのない同名の1人にまとめた,cga-junior-2026-girls-15-17 cga-junior-qualifier-hokuriku-2025-girls-15-17 chubu-kougoren-summer-qualifier-2025-girls-individual chubu-kougoren-summer-qualifier-2025-girls-team kougoren-summer-2025-girls-team kougoren-summer-2026-girls-team,fukui-ga-junior-2026-girls,
統合済み (要確認),柳谷ひよ,p_c45bb4b09831,p_557afcb73227,福井工業大学附属福井高等学校,福井,福井,,2027,,female,female,school,わかっている項目が1つ以下の記録を、食い違いのない同名の1人にまとめた,cga-junior-2026-girls-15-17 cga-junior-qualifier-hokuriku-2025-girls-15-17 chubu-kougoren-summer-qualifier-2025-girls-individual chubu-kougoren-summer-qualifier-2025-girls-team fukui-ga-junior-2026-girls kougoren-summer-2025-girls-team kougoren-summer-2026-girls-team,fukui-ga-junior-2025-girls,
統合済み (要確認),木村小梅,p_f539a44fd6df,p_9505547e279f,福井工業大学附属福井高等学校,,福井,,2028,,female,female,,わかっている項目が1つ以下の記録を、食い違いのない同名の1人にまとめた,cga-junior-2026-girls-15-17 cga-junior-qualifier-hokuriku-2025-girls-15-17 chubu-kougoren-summer-qualifier-2025-girls-individual chubu-kougoren-summer-qualifier-2025-girls-team kougoren-summer-2025-girls-team,fukui-ga-junior-2026-girls,
統合済み (要確認),木村小梅,p_f539a44fd6df,p_b7c5d81d3dfa,福井工業大学附属福井高等学校,福井,福井,,2028,,female,female,school,わかっている項目が1つ以下の記録を、食い違いのない同名の1人にまとめた,cga-junior-2026-girls-15-17 cga-junior-qualifier-hokuriku-2025-girls-15-17 chubu-kougoren-summer-qualifier-2025-girls-individual chubu-kougoren-summer-qualifier-2025-girls-team fukui-ga-junior-2026-girls kougoren-summer-2025-girls-team,fukui-ga-junior-2025-girls,
統合済み (要確認),畑凪咲,p_f17a426590bb,p_feec2be7cdc0,福井工業大学附属福井高等学校,,福井,,2028,,female,female,,わかっている項目が1つ以下の記録を、食い違いのない同名の1人にまとめた,cga-junior-2025-girls-15-17 cga-junior-2026-girls-15-17 cga-junior-qualifier-hokuriku-2025-girls-15-17 chubu-kougoren-summer-qualifier-2025-girls-individual chubu-kougoren-summer-qualifier-2025-girls-team kougoren-summer-2025-girls-team kougoren-summer-2026-girls-team,fukui-ga-junior-2026-girls,
統合済み (要確認),畑凪咲,p_f17a426590bb,p_bbf32462f821,福井工業大学附属福井高等学校,福井,福井,,2028,,female,female,school,わかっている項目が1つ以下の記録を、食い違いのない同名の1人にまとめた,cga-junior-2025-girls-15-17 cga-junior-2026-girls-15-17 cga-junior-qualifier-hokuriku-2025-girls-15-17 chubu-kougoren-summer-qualifier-2025-girls-individual chubu-kougoren-summer-qualifier-2025-girls-team fukui-ga-junior-2026-girls kougoren-summer-2025-girls-team kougoren-summer-2026-girls-team,fukui-ga-junior-2025-girls,
統合済み (要確認),堤野 洋介,p_df07813acc73,p_425650a00473,興國高等学校,,大阪,奈良,2029,,male,male,,わかっている項目が1つ以下の記録を、食い違いのない同名の1人にまとめた,kansai-kougoren-championship-2026-boys kougoren-summer-2026-boys-team osaka-kogoren-championship-2026-boys osaka-kogoren-shigaku-sotai-2026-boys,kokusupo-2025-boys-individual kokusupo-2025-boys-team,
統合済み (要確認),宮浦 拓都,p_205acbef2bb6,p_dcfaf6b8b8c9,エナジックスポーツ高等学院,,沖縄,北海道,2029,,male,male,,わかっている項目が1つ以下の記録を、食い違いのない同名の1人にまとめた,guk-junior-2026-boys-15-17 kougoren-summer-2026-boys-team,kokusupo-2025-boys-individual kokusupo-2025-boys-team,
未統合,小林康成,p_877029469411,p_61ceb434b199,日本ウェルネス高等学校,代々木高等学校,茨城,東京,2027,2027,male,male,graduation_year,一致が2項目未満,kanto-kougoren-summer-qualifier-2025-boys-individual kanto-kougoren-summer-qualifier-2025-boys-team kga-junior-2025-boys-15-17,kga-junior-2026-boys-15-17 kougoren-summer-2026-boys-team,
未統合,小林康成,p_877029469411,p_670d613df9d5,日本ウェルネス高等学校,,茨城,,2027,,male,male,,一致が2項目未満,kanto-kougoren-summer-qualifier-2025-boys-individual kanto-kougoren-summer-qualifier-2025-boys-team kga-junior-2025-boys-15-17,jga-junior-2026-boys-15-17,
未統合,小林 康成,p_61ceb434b199,p_670d613df9d5,代々木高等学校,,東京,,2027,,male,male,,一致が2項目未満,kga-junior-2026-boys-15-17 kougoren-summer-2026-boys-team,jga-junior-2026-boys-15-17,
未統合,中田大賀,p_341d577ab6d1,p_c97456a9461b,日本ウェルネス高等学校,代々木高等学校,茨城,東京,2027,2027,male,male,graduation_year,一致が2項目未満,kanto-kougoren-summer-qualifier-2025-boys-individual,kougoren-summer-2026-boys-team,
統合済み (要確認),八木 佑弥,p_2d0f087ef426,p_bf16ec3d7aac,大阪学院大学高等学校,,大阪,滋賀,2029,,male,male,,わかっている項目が1つ以下の記録を、食い違いのない同名の1人にまとめた,jga-junior-2026-boys-15-17 kansai-kougoren-championship-2026-boys kougoren-summer-2026-boys-team osaka-kogoren-championship-2026-boys osaka-kogoren-shigaku-sotai-2026-boys,kokusupo-2025-boys-individual kokusupo-2025-boys-team,
統合済み (要確認),上野 航良,p_954c551b684d,p_9d352d9f8cdb,明治大学付属中野高等学校,明治大学附属中野,東京,,2028,,male,male,school,わかっている項目が1つ以下の記録を、食い違いのない同名の1人にまとめた,kanto-kougoren-summer-qualifier-2025-boys-team kga-cup-junior-2025-boys-15-17 kga-junior-2025-boys-15-17 kga-junior-2026-boys-15-17 kougoren-summer-2026-boys-team,kga-cup-junior-2026-boys-15-17,
統合済み (要確認),関野 来希,p_dc3eb12e2e16,p_daa54aabca48,福岡第一高等学校,,福岡,福岡,2028,,male,male,prefecture,わかっている項目が1つ以下の記録を、食い違いのない同名の1人にまとめた,guk-junior-2026-boys-15-17 kougoren-summer-2026-boys-team kyushu-kougoren-shinjin-2025-boys,fukuoka-ga-junior-hs-2025-boys fukuoka-ga-junior-hs-2026-boys,
統合済み (要確認),高倉 瑠伊,p_edce42b584d1,p_c014f613b819,福岡第一高等学校,,福岡,福岡,2029,,male,male,prefecture,わかっている項目が1つ以下の記録を、食い違いのない同名の1人にまとめた,guk-junior-2026-boys-15-17 kougoren-summer-2026-boys-team,fukuoka-ga-junior-hs-2026-boys,
統合済み (要確認),髙松寧々,p_e5ac0b94fa1c,p_50fd6a6cc43d,開志国際高等学校,開志国際２年,新潟,,2028,,female,female,school,わかっている項目が1つ以下の記録を、食い違いのない同名の1人にまとめた,kanto-kougoren-summer-qualifier-2025-girls-individual kougoren-summer-2026-girls-team niigata-ga-junior-2025-girls niigata-ga-junior-2026-girls niigata-ga-kanto-junior-qualifier-2025-girls,niigata-ga-kanto-junior-qualifier-2026-girls,
未統合,橋本紅葉,p_73bae3ecae08,p_9d888470de81,第一薬科大学付属高等学校,熊本国府高等学校,福岡,熊本,2028,2028,female,female,graduation_year,一致が2項目未満,guk-junior-2026-girls-15-17 kougoren-summer-2026-girls-team kumamoto-ga-kumanichi-junior-2026-girls kumamoto-ga-supokyo-junior-2026-girls,guk-junior-2025-girls-15-17 kumamoto-ga-supokyo-junior-2025-girls,
未統合,戸塚あい,p_74020918f46d,p_b87570769433,目黒日本大学高等学校,埼玉栄高等学校,東京,埼玉,2028,2028,female,female,graduation_year,一致が2項目未満,kanto-kougoren-summer-qualifier-2025-girls-individual kga-cup-junior-2025-girls-15-17 kga-junior-2025-girls-15-17 kga-junior-2026-girls-15-17 kougoren-summer-2026-girls-team,kanto-kougoren-summer-qualifier-2025-girls-team,
未統合,戸塚あい,p_74020918f46d,p_cc1d46d37c53,目黒日本大学高等学校,,東京,,2028,,female,female,,一致が2項目未満,kanto-kougoren-summer-qualifier-2025-girls-individual kga-cup-junior-2025-girls-15-17 kga-junior-2025-girls-15-17 kga-junior-2026-girls-15-17 kougoren-summer-2026-girls-team,jga-junior-2026-girls-15-17,
未統合,戸塚あい,p_b87570769433,p_cc1d46d37c53,埼玉栄高等学校,,埼玉,,2028,,female,female,,一致が2項目未満,kanto-kougoren-summer-qualifier-2025-girls-team,jga-junior-2026-girls-15-17,
統合済み (要確認),金岡 璃古,p_c401da16c93b,p_8b09d6a46bae,福井工業大学附属福井高等学校,,福井,,2029,,female,female,,わかっている項目が1つ以下の記録を、食い違いのない同名の1人にまとめた,cga-junior-2026-girls-15-17 kougoren-summer-2026-girls-team,fukui-ga-junior-2026-girls,
統合済み (要確認),原 彩心,p_7333cd1bf20a,p_81d91b8c6922,福岡第一高等学校,,福岡,福岡,2028,,female,female,prefecture,わかっている項目が1つ以下の記録を、食い違いのない同名の1人にまとめた,kougoren-summer-2026-girls-team kyushu-kougoren-shinjin-2025-girls,fukuoka-ga-junior-hs-2025-girls fukuoka-ga-junior-hs-2026-girls,
未統合,町屋 朱理,p_4d27091a71d9,p_d46895de6408,八戸学院光星高等学校,光星学院,青森,,2026,2026,female,female,graduation_year,一致が2項目未満,tohoku-junior-2025-girls-15-17,aomori-hsgf-spring-2025-girls,
統合済み (要確認),吉田 遼雅,p_267fd1fabd0b,p_ef019d8b9c86,福井工業大学附属福井高等学校,,福井,,2028,,male,male,,わかっている項目が1つ以下の記録を、食い違いのない同名の1人にまとめた,cga-junior-2026-boys-15-17 cga-junior-qualifier-hokuriku-2025-boys-15-17,fukui-ga-junior-2026-boys,
統合済み (要確認),吉田 遼雅,p_267fd1fabd0b,p_9b00387932cf,福井工業大学附属福井高等学校,福井,福井,,2028,,male,male,school,わかっている項目が1つ以下の記録を、食い違いのない同名の1人にまとめた,cga-junior-2026-boys-15-17 cga-junior-qualifier-hokuriku-2025-boys-15-17 fukui-ga-junior-2026-boys,fukui-ga-junior-2025-boys,
統合済み (要確認),河北 拓真,p_83a6676c893d,p_e96f8140d1c8,福井工業大学附属福井高等学校,,福井,,2028,,male,male,,わかっている項目が1つ以下の記録を、食い違いのない同名の1人にまとめた,cga-junior-2026-boys-15-17 cga-junior-qualifier-hokuriku-2025-boys-15-17,fukui-ga-junior-2026-boys,
統合済み (要確認),河北 拓真,p_83a6676c893d,p_ec12b011759d,福井工業大学附属福井高等学校,福井,福井,,2028,,male,male,school,わかっている項目が1つ以下の記録を、食い違いのない同名の1人にまとめた,cga-junior-2026-boys-15-17 cga-junior-qualifier-hokuriku-2025-boys-15-17 fukui-ga-junior-2026-boys,fukui-ga-junior-2025-boys,
統合済み (要確認),小島 駿斗,p_ea536fb1a3fa,p_9b4bb71dbffe,福井工業大学附属福井高等学校,福井,福井,,2028,,male,male,school,わかっている項目が1つ以下の記録を、食い違いのない同名の1人にまとめた,cga-junior-2025-boys-15-17 cga-junior-2026-boys-15-17 cga-junior-qualifier-hokuriku-2025-boys-15-17,fukui-ga-junior-2025-boys,
統合済み (要確認),横内 優奈,p_5d198e573593,p_021373aad0cb,福井工業大学附属福井高等学校,,福井,,2028,,female,female,,わかっている項目が1つ以下の記録を、食い違いのない同名の1人にまとめた,cga-junior-2026-girls-15-17 cga-junior-qualifier-hokuriku-2025-girls-15-17,fukui-ga-junior-2026-girls,
統合済み (要確認),横内 優奈,p_5d198e573593,p_d0680406192d,福井工業大学附属福井高等学校,福井,福井,,2028,,female,female,school,わかっている項目が1つ以下の記録を、食い違いのない同名の1人にまとめた,cga-junior-2026-girls-15-17 cga-junior-qualifier-hokuriku-2025-girls-15-17 fukui-ga-junior-2026-girls,fukui-ga-junior-2025-girls,
統合済み (要確認),鈴木 友渚,p_befdd8b59aee,p_dc46f9335c9c,福井工業大学附属福井高等学校,,福井,,2028,,female,female,,わかっている項目が1つ以下の記録を、食い違いのない同名の1人にまとめた,cga-junior-2026-girls-15-17 cga-junior-qualifier-hokuriku-2025-girls-15-17,fukui-ga-junior-2026-girls,
統合済み (要確認),鈴木 友渚,p_befdd8b59aee,p_5b98002298ca,福井工業大学附属福井高等学校,福井,福井,,2028,,female,female,school,わかっている項目が1つ以下の記録を、食い違いのない同名の1人にまとめた,cga-junior-2026-girls-15-17 cga-junior-qualifier-hokuriku-2025-girls-15-17 fukui-ga-junior-2026-girls,fukui-ga-junior-2025-girls,
統合済み (要確認),土屋 姫心,p_0b0ebc1a397a,p_5e4d8b13d9fa,福井工業大学附属福井高等学校,福井,福井,,2027,,female,female,school,わかっている項目が1つ以下の記録を、食い違いのない同名の1人にまとめた,cga-junior-2026-girls-15-17 cga-junior-qualifier-hokuriku-2025-girls-15-17,fukui-ga-junior-2025-girls,
統合済み (要確認),髙木 楓夏,p_9f38b25d7d79,p_280c905b839e,福井工業大学附属福井高等学校,,福井,,2028,,female,female,,わかっている項目が1つ以下の記録を、食い違いのない同名の1人にまとめた,cga-junior-2026-girls-15-17 cga-junior-qualifier-hokuriku-2025-girls-15-17,fukui-ga-junior-2026-girls,
統合済み (要確認),髙木 楓夏,p_9f38b25d7d79,p_ce989912f660,福井工業大学附属福井高等学校,福井,福井,,2028,,female,female,school,わかっている項目が1つ以下の記録を、食い違いのない同名の1人にまとめた,cga-junior-2026-girls-15-17 cga-junior-qualifier-hokuriku-2025-girls-15-17 fukui-ga-junior-2026-girls,fukui-ga-junior-2025-girls,
未統合,浅田彩七,p_62e213f51f87,p_a97bd5104623,長野県長野西高等学校,長野西高望月サテライト,長野,,2026,,female,female,,一致が2項目未満,kanto-kougoren-summer-qualifier-2025-girls-individual,nagano-ga-junior-2025-girls,
未統合,小野塚 翔,p_67603dbbbba9,p_a39158daa3a2,長岡工業,長岡高専,,,2029,,male,male,,一致が2項目未満,niigata-ga-junior-senbatsu-2026-boys,niigata-ga-junior-2026-boys,
統合済み (要確認),荻窪 蒼萊,p_e3ddd9df4754,p_8e098c9ef12f,開志国際高等学校,開志国際１年,新潟,,,,female,female,school,わかっている項目が1つ以下の記録を、食い違いのない同名の1人にまとめた,niigata-ga-junior-2026-girls,niigata-ga-kanto-junior-qualifier-2026-girls,
統合済み (要確認),井野上蓮美,p_099b2fc06419,p_d25f6b48da98,不二聖心女子学院高等学校,,静岡,,2028,,female,female,,わかっている項目が1つ以下の記録を、食い違いのない同名の1人にまとめた,kanto-kougoren-summer-qualifier-2025-girls-individual kga-cup-junior-2025-girls-15-17 kga-cup-junior-2026-girls-15-17 kga-junior-2026-girls-15-17 shizuoka-ga-junior-hsa-2026-girls,shizuoka-ga-junior-hsa-2025-girls,
統合済み (要確認),高田 あかり,p_973ece7a9e9c,p_42d1ccd077fa,不二聖心女子学院,,,,2028,,female,female,,わかっている項目が1つ以下の記録を、食い違いのない同名の1人にまとめた,shizuoka-ga-junior-hsb-2026-girls,shizuoka-ga-junior-hsb-2025-girls,
統合済み (要確認),大金 夏美,p_214cf92b826d,p_7aa7b8b4ff03,宇都宮文星女子高等学校,宇都宮文星女,栃木,,,,female,female,school,わかっている項目が1つ以下の記録を、食い違いのない同名の1人にまとめた,kga-junior-2026-girls-15-17 tochigi-ga-kanto-junior-qualifier-2026-girls,tochigi-ga-junior-2026-girls,
未統合,神本健吾,p_cfcff184dfac,p_d261b797bf64,国際学院,広島国際,広島,,2028,2028,male,male,graduation_year,一致が2項目未満,hiroshima-kougoren-championship-2025-boys hiroshima-kougoren-championship-2026-boys hiroshima-kougoren-shinjin-2025-boys hiroshima-kougoren-summer-2025-boys hiroshima-kougoren-summer-2026-boys,cgu-junior-2026-boys-15-17,
未統合,西口葵,p_5ba63580df6d,p_fbd1e133a703,国際学院,広島国際,広島,,2027,2027,female,female,graduation_year,一致が2項目未満,hiroshima-kougoren-championship-2025-girls hiroshima-kougoren-championship-2026-girls hiroshima-kougoren-shinjin-2025-girls hiroshima-kougoren-summer-2025-girls hiroshima-kougoren-summer-2026-girls,cgu-junior-2026-girls-15-17,
統合済み (要確認),河野笑加,p_4479d0b144b4,p_57255ef10c3a,クラーク記念国際高等学校,クラーク国際,埼玉,,2025,,female,female,school,わかっている項目が1つ以下の記録を、食い違いのない同名の1人にまとめた,kumamoto-ga-supokyo-junior-2024-girls,kumamoto-ga-kumanichi-junior-2024-girls,
統合済み (要確認),山口桃佳,p_5c8f990ce097,p_0b2554551f77,熊本工業,熊本工,,,2027,,female,female,school,わかっている項目が1つ以下の記録を、食い違いのない同名の1人にまとめた,guk-junior-2026-girls-15-17 kumamoto-ga-supokyo-junior-2024-girls kumamoto-ga-supokyo-junior-2025-girls kumamoto-ga-supokyo-junior-2026-girls,kumamoto-ga-kumanichi-junior-2024-girls kumamoto-ga-kumanichi-junior-2025-girls kumamoto-ga-kumanichi-junior-2026-girls,
統合済み (要確認),小林 希紗姫,p_04337f409aeb,p_f2a35dcabb17,熊本国府高等学校,国府,熊本,,2027,,female,female,school,わかっている項目が1つ以下の記録を、食い違いのない同名の1人にまとめた,kyushu-kougoren-shinjin-2025-girls,kumamoto-ga-kumanichi-junior-2024-girls kumamoto-ga-kumanichi-junior-2025-girls,
統合済み (要確認),園田 柚稀,p_050e9e99e699,p_801af5336f69,熊本国府高等学校,国府,熊本,,2028,,male,male,school,わかっている項目が1つ以下の記録を、食い違いのない同名の1人にまとめた,guk-junior-2026-boys-15-17 kyushu-kougoren-shinjin-2025-boys,kumamoto-ga-kumanichi-junior-2025-boys kumamoto-ga-kumanichi-junior-2026-boys kumamoto-ga-supokyo-junior-2026-boys,
統合済み (要確認),荒木 清太郎,p_f00c8f79ef39,p_e33490eaaead,熊本国府高等学校,,熊本,熊本,2029,,male,male,prefecture,わかっている項目が1つ以下の記録を、食い違いのない同名の1人にまとめた,guk-junior-2026-boys-15-17,kokusupo-2025-boys-individual kokusupo-2025-boys-team,
統合済み (要確認),荒木 清太郎,p_f00c8f79ef39,p_63e9e03d3252,熊本国府高等学校,国府,熊本,,2029,,male,male,school,わかっている項目が1つ以下の記録を、食い違いのない同名の1人にまとめた,guk-junior-2026-boys-15-17 kokusupo-2025-boys-individual kokusupo-2025-boys-team,kumamoto-ga-kumanichi-junior-2026-boys kumamoto-ga-supokyo-junior-2026-boys,
統合済み (要確認),後藤 彩吹,p_868da1edb888,p_4f52ffb40e4a,熊本国府高等学校,,熊本,,2029,,female,female,,わかっている項目が1つ以下の記録を、食い違いのない同名の1人にまとめた,guk-junior-2026-girls-15-17,jga-junior-2026-girls-15-17,
統合済み (要確認),後藤 彩吹,p_868da1edb888,p_454e765fa3eb,熊本国府高等学校,国府,熊本,,2029,,female,female,school,わかっている項目が1つ以下の記録を、食い違いのない同名の1人にまとめた,guk-junior-2026-girls-15-17 jga-junior-2026-girls-15-17,kumamoto-ga-kumanichi-junior-2026-girls kumamoto-ga-supokyo-junior-2026-girls,
統合済み (要確認),田室 光夏,p_d6e13a6227c5,p_e18415236955,桑名市立桑名北,桑名北,,,2027,,female,female,school,わかっている項目が1つ以下の記録を、食い違いのない同名の1人にまとめた,cga-junior-qualifier-mie-2025-girls-15-17,mie-ga-junior-2024-girls mie-ga-junior-2025-girls,
統合済み (要確認),荒木 陽翔,p_7158a994ebcf,p_35550d7cbf00,いなべ総合学園,いなべ総合,,,2029,,male,male,school,わかっている項目が1つ以下の記録を、食い違いのない同名の1人にまとめた,cga-junior-2026-boys-15-17,mie-ga-junior-2026-boys,
統合済み (要確認),清水 莉理,p_abfb715fb223,p_0883fb94ab51,三重県立いなべ総合学園,,三重,,2029,,female,female,,わかっている項目が1つ以下の記録を、食い違いのない同名の1人にまとめた,cga-junior-2026-girls-15-17,jga-junior-2026-girls-15-17,
統合済み (要確認),清水 莉理,p_abfb715fb223,p_312c0fed6882,三重県立いなべ総合学園,いなべ総合,三重,,2029,,female,female,school,わかっている項目が1つ以下の記録を、食い違いのない同名の1人にまとめた,cga-junior-2026-girls-15-17 jga-junior-2026-girls-15-17,mie-ga-junior-2026-girls,
統合済み (要確認),保科 翔太,p_80f3fff33018,p_75f5b44424df,柳ヶ浦高等学校,,大分,大分,2028,,male,male,prefecture,わかっている項目が1つ以下の記録を、食い違いのない同名の1人にまとめた,guk-junior-2025-boys-15-17 guk-junior-2026-boys-15-17 kyushu-kougoren-shinjin-2025-boys,oita-ga-hs-sotai-2026-boys,
統合済み (要確認),佐々木 花虹,p_82b6fb544fd0,p_5293adef84f5,滋慶学園高等学校,,岡山,,2029,,female,female,,わかっている項目が1つ以下の記録を、食い違いのない同名の1人にまとめた,cgu-junior-2026-girls-15-17 okayama-kougoren-sotai-2026-girls,jga-junior-2026-girls-15-17,
未統合,天野 那月,p_a88bd766f1cb,p_ff44218420db,関大一,関西第一,大阪,,2027,2027,female,female,graduation_year,一致が2項目未満,osaka-kogoren-autumn-2025-girls osaka-kogoren-championship-2025-girls osaka-kogoren-championship-2026-girls osaka-kogoren-shigaku-sotai-2025-girls,osaka-kogoren-shigaku-sotai-2026-girls,
未統合,友井 麻裕,p_2fcf65956bf9,p_13e42f403855,関大一,関西第一,大阪,,2027,2027,female,female,graduation_year,一致が2項目未満,osaka-kogoren-autumn-2025-girls osaka-kogoren-championship-2026-girls,osaka-kogoren-shigaku-sotai-2026-girls,
未統合,巽 喜一,p_6b0a6479e899,p_9667e26b0e91,関大一,関西第一,大阪,,2029,2029,male,male,graduation_year,一致が2項目未満,osaka-kogoren-championship-2026-boys,osaka-kogoren-shigaku-sotai-2026-boys,
未統合,巽 喜一,p_6b0a6479e899,p_767143454c08,関大一,,大阪,,2029,,male,male,,一致が2項目未満,osaka-kogoren-championship-2026-boys,jga-junior-2026-boys-15-17,
未統合,巽 喜一,p_9667e26b0e91,p_767143454c08,関西第一,,,,2029,,male,male,,一致が2項目未満,osaka-kogoren-shigaku-sotai-2026-boys,jga-junior-2026-boys-15-17,
未統合,春川雄亮,p_d104cdb0ffb4,p_d4f43031e284,拓殖大学紅陵高等学校,常総学院高等学校,千葉,茨城,2028,2028,male,male,graduation_year,一致が2項目未満,kanto-kougoren-summer-qualifier-2025-boys-individual kanto-kougoren-summer-qualifier-2025-boys-team,kga-cup-junior-2025-boys-15-17 kga-cup-junior-2026-boys-15-17,
統合済み (要確認),高橋 桜月,p_42980d645b33,p_0fb6e5a01ee7,東京都立砂川,砂川,東京,,2028,,male,male,school,わかっている項目が1つ以下の記録を、食い違いのない同名の1人にまとめた,kanto-kougoren-summer-qualifier-2025-boys-individual kga-cup-junior-2025-boys-15-17 kga-cup-junior-2026-boys-15-17,kga-junior-2025-boys-15-17,
統合済み (要確認),髙屋駿,p_abd8126ece8a,p_6604aec234f0,日本体育大学荏原高等学校,日体荏原,東京,,2026,,male,male,school,わかっている項目が1つ以下の記録を、食い違いのない同名の1人にまとめた,kanto-kougoren-summer-qualifier-2025-boys-individual kanto-kougoren-summer-qualifier-2025-boys-team kga-cup-junior-2025-boys-15-17,kga-junior-2025-boys-15-17,
未統合,岡崎僚,p_e6c8e07ce403,p_8a282fb813d6,日本ウェルネス高等学校,成美学園高等学校,茨城,千葉,2027,,male,male,,一致が2項目未満,kanto-kougoren-summer-qualifier-2025-boys-individual,kga-cup-junior-2026-boys-15-17 kga-junior-2026-boys-15-17,
統合済み (要確認),名取遼馬,p_a515d29533c7,p_a84a6b03c058,慶應義塾高等学校,慶應義塾,神奈川,,2027,,male,male,school,わかっている項目が1つ以下の記録を、食い違いのない同名の1人にまとめた,kanto-kougoren-summer-qualifier-2025-boys-individual kanto-kougoren-summer-qualifier-2025-boys-team,kga-cup-junior-2026-boys-15-17 kga-junior-2026-boys-15-17,
未統合,鳥井心愛,p_205c593f03bb,p_e588583fd277,日本ウェルネス高等学校,ルネサンス高等学校,茨城,茨城,2028,,female,female,prefecture,一致が2項目未満,kanto-kougoren-summer-qualifier-2025-girls-individual,kga-cup-junior-2026-girls-15-17 kga-junior-2026-girls-15-17,
未統合,白田乃々花,p_950fddbf8023,p_41d1512968d6,啓明学園高等学校,第一学院高等学校,東京,茨城,2028,,female,female,,一致が2項目未満,kanto-kougoren-summer-qualifier-2025-girls-individual,kga-cup-junior-2026-girls-15-17,
統合済み (要確認),岡﨑 煌稀,p_b3b303bacdd8,p_f0810e1d3310,萩明倫館（詳細不明、高校名未確認）,,山口,山口,2029,,male,male,prefecture,わかっている項目が1つ以下の記録を、食い違いのない同名の1人にまとめた,cgu-junior-2026-boys-15-17,kokusupo-2026-boys-individual kokusupo-2026-boys-team,
統合済み (要確認),與儀 夢,p_34bb0e0c056a,p_09d0503cc228,南風原,,沖縄,沖縄,2028,,male,male,prefecture,わかっている項目が1つ以下の記録を、食い違いのない同名の1人にまとめた,guk-junior-2025-boys-15-17 guk-junior-2026-boys-15-17 jga-junior-2026-boys-15-17 kyushu-kougoren-shinjin-2025-boys,kokusupo-2026-boys-individual kokusupo-2026-boys-team,
統合済み (要確認),上野 剣慎,p_260f0805c89b,p_460e3c9ea6c5,鹿児島城西高等学校,,鹿児島,鹿児島,2028,,male,male,prefecture,わかっている項目が1つ以下の記録を、食い違いのない同名の1人にまとめた,guk-junior-2025-boys-15-17 guk-junior-2026-boys-15-17 kagoshima-ga-junior-hs-2025-boys kagoshima-ga-junior-hs-2026-boys kagoshima-ga-kyushu-junior-qualifier-2025-boys kagoshima-ga-kyushu-junior-qualifier-2026-boys kyushu-kougoren-shinjin-2025-boys,kokusupo-2026-boys-individual kokusupo-2026-boys-team,
未統合,大江 幸太郎,p_bf83f3dbdd70,p_31f7d8b225f0,甲南高等学校,代々木高等学校,兵庫,東京,2028,,male,male,,一致が2項目未満,kansai-kougoren-championship-2025-boys kansai-kougoren-fall-final-2025-boys,kga-junior-2026-boys-15-17,
未統合,大江 幸太郎,p_bf83f3dbdd70,p_4a0508393c47,甲南高等学校,,兵庫,,2028,,male,male,,一致が2項目未満,kansai-kougoren-championship-2025-boys kansai-kougoren-fall-final-2025-boys,jga-junior-2026-boys-15-17,
未統合,大江 幸太郎,p_31f7d8b225f0,p_4a0508393c47,代々木高等学校,,東京,,,,male,male,,一致が2項目未満,kga-junior-2026-boys-15-17,jga-junior-2026-boys-15-17,
統合済み (要確認),澤江 天晴,p_8f1e36dfc516,p_e9b3554dfb02,奈良育英高等学校,,奈良,奈良,2027,,male,male,prefecture,わかっている項目が1つ以下の記録を、食い違いのない同名の1人にまとめた,kansai-kougoren-championship-2025-boys kansai-kougoren-championship-2026-boys kansai-kougoren-fall-final-2025-boys,kokusupo-2026-boys-individual kokusupo-2026-boys-team,
未統合,猪狩 晴誠,p_abd50d90ca3d,p_c00c8382e2e2,東海大学附属相模,東海相模,,,,,male,male,school,一致が2項目未満,kga-cup-junior-2026-boys-15-17,kga-junior-2026-boys-15-17,
統合済み (要確認),北岡 大樹,p_8253799403d6,p_f6061e7907e8,神奈川県立横須賀,横須賀,神奈川,,,,male,male,school,わかっている項目が1つ以下の記録を、食い違いのない同名の1人にまとめた,kga-cup-junior-2026-boys-15-17,kga-junior-2026-boys-15-17,
未統合,小泉 映真,p_1a2910546afa,p_d38217acec68,文京学院女子,文京学院,,,,,female,female,school,一致が2項目未満,kga-junior-2025-girls-15-17,kga-junior-2026-girls-15-17,
統合済み (要確認),武内 擢真,p_ddbc2bf93a1c,p_e7111176f844,学校法人石川高等学校（学法石川）,,福島,福島,2026,,male,male,prefecture,わかっている項目が1つ以下の記録を、食い違いのない同名の1人にまとめた,tohoku-junior-2025-boys-15-17 tohoku-kougoren-summer-championship-2025-boys,kokusupo-2025-boys-individual kokusupo-2025-boys-team,
未統合,髙橋一誠,p_49ce6232b3a0,p_08ed849a263a,山形東桜,東桜学館,山形,,2027,2027,male,male,graduation_year,一致が2項目未満,tohoku-kougoren-summer-championship-2025-boys,tohoku-junior-2025-boys-15-17 tohoku-junior-2026-boys-15-17,
