school_key,name_ja,name_short_ja,name_en,name_en_source,kind,name_en_source_url,prefecture
s_0fcad8fa642b,N高等学校梅田キャンパス,N高等学校梅田キャンパス,N High School (Umeda Campus),estimated-unverified,high_school,,
s_d6caf0d09ef1,S高等学校,S,S High School,estimated-unverified,high_school,,
s_da2b1a14a563,並木学院高等学校,並木学院,Namiki Gakuin High School,estimated-unverified,high_school,,
s_0eee0dfa9586,千葉県立船橋古和釜高等学校,千葉県立船橋古和釜,Funabashi Kowagama High School,estimated-unverified,high_school,,
s_3873383e0718,宮崎県立佐土原高等学校,宮崎県立佐土原,Sadowara High School,estimated-unverified,high_school,,
s_00180d3e0252,慶風高等学校,慶風,Keifu High School,estimated-unverified,high_school,,
s_3f55cbd14278,日本航空高等学校,日本航空,Nihon Koku High School,estimated-unverified,high_school,,
s_398de22230dd,東京都立南葛飾高等学校,東京都立南葛飾,Minamikatsushika High School,estimated-unverified,high_school,,
s_d05f3abb62eb,沖学園隆徳館中学校,沖学園隆徳館,Ryutokukan Junior High School,web,junior_high,https://oki.ed.jp/en/,
s_25b290b41798,沖縄県立北中城高等学校,沖縄県立北中城,Kitanakagusuku High School,estimated-unverified,high_school,,
s_dbcde2bc4c52,青森山田高等学校札幌校,青森山田高等学校札幌校,Aomori Yamada High School (Sapporo Campus),estimated-unverified,high_school,,
s_96996afa8940,鹿児島県立開陽高等学校,鹿児島県立開陽,Kaiyo High School,estimated-unverified,high_school,,
s_bc449ef8f4a5,三重県立津高等学校,三重県立津,Tsu High School,estimated-unverified,high_school,,三重県
s_16f54725cf31,三重県立聾学校,三重聾学校,Mie Prefectural School for the Deaf,estimated-unverified,other,,三重県
s_72e915d80610,三重高等学校,三重,Mie High School,estimated-unverified,high_school,,三重県
s_118e82051108,四日市メリノール学院高等学校,四日市メリノール学院,Yokkaichi Maryknoll Gakuin High School,estimated-unverified,high_school,,三重県
s_5e65078a86eb,津田学園高等学校,学校法人津田学園,Tsuda Gakuen High School,estimated-unverified,high_school,,三重県
s_8874339dcd33,京都成章高等学校,京都成章,Kyoto Seisho High School,estimated-unverified,high_school,,京都府
s_12e7d141ed23,同志社国際高等学校,同志社国際,Doshisha International Senior High School,estimated-unverified,high_school,,京都府
s_e05bbb2e6eb0,大阪教育大学附属高等学校池田校舎,大教大池田,Osaka Kyoiku University Senior High School (Ikeda Campus),estimated-unverified,high_school,,兵庫県
s_30cfb402f127,日ノ本学園高等学校,日ノ本学園,Hinomoto Gakuen High School,estimated-unverified,high_school,,兵庫県
s_f66073f71bfb,松蔭高等学校,松蔭学園松蔭,Shoin High School,estimated-unverified,high_school,,兵庫県
s_06fc9646cabd,滝川第二高等学校,滝川第二,Takigawa Daini High School,web,high_school,https://japantravel.navitime.com/en/area/jp/spot/00004-28108700047/,兵庫県
s_8c32576f4512,甲南高等学校,甲南,Konan High School,estimated-unverified,high_school,,兵庫県
s_69e7537c6869,神戸学院大学附属高等学校,神院大附,Kobe Gakuin University High School,estimated-unverified,high_school,,兵庫県
s_356f23dc6daa,北星学園大学附属高等学校,北星附属,Hokusei Gakuen University High School,estimated-unverified,high_school,,北海道
s_81c195611707,北海学園札幌高等学校,北海学園札幌,Hokkai Gakuen Sapporo High School,estimated-unverified,high_school,,北海道
s_cce9bb48c8c9,北海道インターナショナルスクール,HIS,Hokkaido International School,estimated-unverified,other,,北海道
s_44b0227e585b,北海道帯広柏葉高等学校,北海道帯広柏葉,Obihiro Hakuyo High School,estimated-unverified,high_school,,北海道
s_bd87debe1323,北海道旭川南高等学校,旭川南,Asahikawa Minami High School,estimated-unverified,high_school,,北海道
s_72ff0088da3c,北海道札幌南高等学校,札幌南,Sapporo Minami High School,estimated-unverified,high_school,,北海道
s_35a227c468df,北海道長沼高等学校,長沼,Naganuma High School,estimated-unverified,high_school,,北海道
s_5c56ea4d7f84,日本航空高等学校北海道,航空北海道,Nihon Koku High School Hokkaido,estimated-unverified,high_school,,北海道
s_a499b25c26e2,札幌光星高等学校,札幌光星,Sapporo Kosei High School,estimated-unverified,high_school,,北海道
s_a4163fe7de5b,立命館慶祥高等学校,立命館慶祥,Ritsumeikan Keisho High School,estimated-unverified,high_school,,北海道
s_f9ccbdd2c7b8,青森山田高等学校,青森山田,Aomori Yamada High School,estimated-unverified,high_school,,北海道
s_05b7b8d3d55d,駒澤大学附属苫小牧高等学校,駒澤大学附属苫小牧,Komazawa University Tomakomai High School,estimated-unverified,high_school,,北海道
s_2f8a29aff542,ラグビー校ジャパン（推定）,RSJ,Rugby School Japan,estimated-unverified,other,,千葉
s_d98e94404afd,千葉日本大学第一高等学校,千葉日本大第一高,Chiba Nihon University Daiichi High School,estimated-unverified,high_school,,千葉
s_c99ece5b0847,千葉県立印旛明誠高等学校,印旛明誠,Inba Meisei High School,estimated-unverified,high_school,,千葉
s_f6c72c45ffa2,千葉学芸高等学校,千葉学芸,Chiba Gakugei High School,estimated-unverified,high_school,,千葉県
s_d3d32fb4868f,千葉黎明高等学校,千葉黎明,Chiba Reimei High School,estimated-unverified,high_school,,千葉県
s_c334031bbd3a,成美学園高等学校,成美学園,Seibi Gakuen High School,estimated-unverified,high_school,,千葉県
s_30254ae5c2c7,拓殖大学紅陵高等学校,拓殖大紅陵,Takushoku University Koryo High School,estimated-unverified,high_school,,千葉県
s_ae1fb752b121,渋谷教育学園幕張高等学校,渋谷幕張,Shibuya Kyoiku Gakuen Makuhari Senior High School,web,high_school,https://www.unesco-school.mext.go.jp/schools/list/shibuya-kyoiku-gakuen-makuhari-junior-senior-high-school/?info=schooldata_en,千葉県
s_fff84330dbff,西武台千葉高等学校,西武台千葉,Seibudai Chiba High School,estimated-unverified,high_school,,千葉県
s_533c7c131ea1,麗澤高等学校,麗澤,Reitaku High School,estimated-unverified,high_school,,千葉県
s_bb56059686c2,和歌山県立和歌山北高等学校,和歌山北,Wakayama Kita High School,estimated-unverified,high_school,,和歌山県
s_492b24752b28,浦和学院高等学校,浦和学院,Urawa Gakuin High School,estimated-unverified,high_school,,埼玉
s_cdddc3db9804,西武台高等学校,西武台,Seibudai High School,estimated-unverified,high_school,,埼玉
s_e55839974314,クラーク記念国際高等学校,クラーク記念国際,Clark Memorial International High School,web,high_school,https://commons.wikimedia.org/wiki/Category:Clark_Memorial_International_High_School,埼玉県
s_0048842494bf,埼玉平成高等学校,埼玉平成,Saitama Heisei High School,estimated-unverified,high_school,,埼玉県
s_ddc260f0b924,埼玉栄高等学校,埼玉栄,Saitama Sakae High School,web,high_school,https://en.wikipedia.org/wiki/Saitama_Sakae_High_School,埼玉県
s_54b0edb7a4e8,早稲田大学本庄高等学院,早稲田大本庄,Waseda University Honjo Senior High School,official,high_school,https://www.waseda.jp/school/honjo/assets/uploads/2022/06/waseda-prospectus-2021.pdf,埼玉県
s_8b112a7c752b,立教新座高等学校,立教新座,Rikkyo Niiza Senior High School,estimated-unverified,high_school,,埼玉県
s_26045e059d8d,西武学園文理高等学校,西武学園文理,Seibu Gakuen Bunri High School,estimated-unverified,high_school,,埼玉県
s_db4d8db11758,開智高等学校,開智,Kaichi High School,estimated-unverified,high_school,,埼玉県
s_c0683ef48421,大分高等学校,大分,Oita High School,estimated-unverified,high_school,,大分県
s_b996f9698512,柳ヶ浦高等学校,柳ヶ浦,Yanagigaura High School,estimated-unverified,high_school,,大分県
s_608a7d103f65,N高等学校,N,N High School,estimated-unverified,high_school,,大阪府
s_848b17e1101f,ルネサンス大阪高等学校,ルネサンス大阪,Renaissance Osaka High School,estimated-unverified,high_school,,大阪府
s_2f44d5b06fc4,大阪学院大学高等学校,大阪学院大学,Osaka Gakuin University High School,web,high_school,https://www.wikidata.org/wiki/Q11440179,大阪府
s_00d770272793,大阪桐蔭高等学校,大阪桐蔭,Osaka Toin High School,web,high_school,https://en.wikipedia.org/wiki/Osaka_T%C5%8Din_Junior_and_Senior_High_School,大阪府
s_72af1e621003,好文学園女子高等学校,好文学園女子,Kobun Gakuen Girls' High School,estimated-unverified,high_school,,大阪府
s_68a2989d4261,東大阪大学柏原高等学校,東大阪大学柏原,Higashiosaka University Kashiwara High School,estimated-unverified,high_school,,大阪府
s_f6b360171510,浪速高等学校,浪速学院浪速,Naniwa High School,estimated-unverified,high_school,,大阪府
s_36e8aaa4071e,興國高等学校,興國,Kokoku High School,web,high_school,https://www.wikidata.org/wiki/Q11613370,大阪府
s_8396bb6d68ad,近畿大学附属高等学校,近大附,Kindai University High School,estimated-unverified,high_school,,大阪府
s_baeb3fe6d084,奈良育英高等学校,奈良育英,Nara Ikuei High School,estimated-unverified,high_school,,奈良県
s_be2fed81f44e,東北高等学校,東北,Tohoku High School,web,high_school,https://www.baseball-reference.com/bullpen/Tohoku_High_School,宮城県
s_d01c11dfb42c,勇志国際高等学校,勇志国際,Yushi Kokusai High School,estimated-unverified,high_school,,宮崎県
s_03f851f64c77,宮崎日本大学高等学校,宮崎日大,Miyazaki Nihon University High School,estimated-unverified,high_school,,宮崎県
s_2adcd9c5188f,日章学園高等学校,日章学園,Nissho Gakuen High School,web,high_school,https://www.baseball-reference.com/bullpen/Nissho_Gakuen_High_School,宮崎県
s_1555d8b87cf4,富山県立富山工業高等学校,富山県立富山工,Toyama Kogyo High School,estimated-unverified,high_school,,富山県
s_e5696b8ac764,山口県立山口高等学校,県立山口,Yamaguchi High School,estimated-unverified,high_school,,山口県
s_06c6ef2961f1,山口県立長門高等学校,長門髙,Nagato High School,estimated-unverified,high_school,,山口県
s_ea837e51b1d2,萩明倫館（詳細不明、高校名未確認）,萩明倫館,Hagi Meirinkan (unidentified),estimated-unverified,other,,山口県
s_1a1f03f79f4d,高川学園高等学校,高川学園,Takagawa Gakuen High School,estimated-unverified,high_school,,山口県
s_4a24dc953d3b,日本大学山形高等学校,日本大学山形,Nihon University Yamagata High School,estimated-unverified,high_school,,山形県
s_bb2bb7c7299b,東北文教大学山形城北高等学校,東北文教大山形城北,Tohoku Bunkyo University Yamagata Johoku High School,estimated-unverified,high_school,,山形県
s_59d1359d3ded,岐阜県立不破高等学校,不破,Fuwa High School,estimated-unverified,high_school,,岐阜県
s_b96ba21fe1d9,岐阜県立大垣北高等学校,岐阜県立大垣北,Ogaki Kita High School,estimated-unverified,high_school,,岐阜県
s_45ec53099261,岐阜県立岐阜城北高等学校,岐阜県立岐阜城北,Gifu Johoku High School,estimated-unverified,high_school,,岐阜県
s_19503c7f16ae,岐阜聖徳学園高等学校,岐阜聖徳学園,Gifu Shotoku Gakuen High School,estimated-unverified,high_school,,岐阜県
s_2813694b5f75,帝京大学可児高等学校,帝京大学可児,Teikyo University Kani High School,estimated-unverified,high_school,,岐阜県
s_ab5c910e6c52,済美高等学校（岐阜県）,済美,Seibi High School,estimated-unverified,high_school,,岐阜県
s_04f488d58148,麗澤瑞浪高等学校,麗澤瑞浪,Reitaku Mizunami High School,web,high_school,https://www.wikidata.org/wiki/Q2142037,岐阜県
s_b4ca752e49f5,作陽学園高等学校,作陽学園,Sakuyo Gakuen High School,web,high_school,https://www.wikidata.org/wiki/Q11472253,岡山県
s_2f817f442270,岡山理科大学附属高等学校,岡山理科大学附属,Okayama University of Science High School,estimated-unverified,high_school,,岡山県
s_8b65c346a1ef,滋慶学園高等学校,滋慶学園,Jikei Gakuen High School,estimated-unverified,high_school,,岡山県
s_3985a2f9c9af,美作高等学校,岡山県美作,Mimasaka High School,estimated-unverified,high_school,,岡山県
s_390985a4fa94,関西高等学校（岡山県）,関西,Kanzei High School,estimated-unverified,high_school,,岡山県
s_5670ca9d4a00,盛岡中央高等学校,盛岡中央,Morioka Chuo High School,estimated-unverified,high_school,,岩手県
s_b5be4ff246b4,島根県立出雲工業高等学校,島根県立出雲工,Izumo Kogyo High School,estimated-unverified,high_school,,島根県
s_ab55e5e0ad04,島根県立大社高等学校,大社,Taisha High School,estimated-unverified,high_school,,島根県
s_fcafe941f1ea,島根県立平田高等学校,島根県立平田,Hirata High School,estimated-unverified,high_school,,島根県
s_a251aa363ec1,並木学院福山高等学校,並木学院福山,Namiki Gakuin Fukuyama High School,estimated-unverified,high_school,,広島県
s_4950abdd67d5,如水館高等学校,如水館,Josuikan High School,estimated-unverified,high_school,,広島県
s_a00e33618a58,広島国際学院高等学校,広島国際学院,Hiroshima Kokusai Gakuin High School,estimated-unverified,high_school,,広島県
s_a274841df2de,広島市立広島商業高等学校,広島商業,Hiroshima Shogyo High School,estimated-unverified,high_school,,広島県
s_feb36b9e64a1,広島県立広島高等学校（推定）,広島,Hiroshima High School,estimated-unverified,high_school,,広島県
s_1b6c78c72b00,広陵高等学校,広陵,Koryo High School,estimated-unverified,high_school,,広島県
s_29df5700fe2f,瀬戸内高等学校,広島県瀬戸内,Setouchi High School,estimated-unverified,high_school,,広島県
s_22a7b1954406,盈進高等学校,盈進学園,Eishin High School,estimated-unverified,high_school,,広島県
s_40fab000f3a5,陵（不明、広陵の略記の可能性）,陵,Unidentified (possibly Koryo High School),estimated-unverified,other,,広島県
s_a09980cd7bf7,生光学園高等学校,生光学園,Seiko Gakuen High School,estimated-unverified,high_school,,徳島県
s_bd45e185ec53,今治精華高等学校,今治精華,Imabari Seika High School,estimated-unverified,high_school,,愛媛
s_8b426e3a291b,愛媛県立新居浜南高等学校,新居浜南,Niihama Minami High School,estimated-unverified,high_school,,愛媛
s_b491bd91e27a,松山聖陵高等学校,松山聖陵,Matsuyama Seiryo High School,estimated-unverified,high_school,,愛媛県
s_f305d76ea084,河原学園（未来高等学校等、詳細不明）,河原学園,Kawahara Gakuen (unidentified school),estimated-unverified,other,,愛媛県
s_4cb250ecf01a,星城高等学校,星城,Seijoh High School,estimated-unverified,high_school,,愛知
s_1fbf6ee50270,東海学園高等学校,東海学園,Tokai Gakuen High School,estimated-unverified,high_school,,愛知
s_b51c6d9857ca,ルネサンス豊田高等学校,ルネサンス豊田,Renaissance Toyota High School,estimated-unverified,high_school,,愛知県
s_829695c6c790,中京大学附属中京高等学校,中京大中京,Chukyo University Chukyo High School,estimated-unverified,high_school,,愛知県
s_a4d2bcaf761d,中部大学春日丘高等学校,中部大春日丘,Chubu University Kasugaoka High School,estimated-unverified,high_school,,愛知県
s_d8237756d8de,中部大学第一高等学校,中部大学第一,Chubu University Daiichi High School,official,high_school,https://www.chubu-ichi.ed.jp/en/history/,愛知県
s_167f3716211c,名古屋国際学園（名古屋インターナショナルスクール）,名古屋インターナショナルスクール,Nagoya International School,estimated-unverified,other,,愛知県
s_c47e2ad91958,名古屋高等学校,名古屋,Nagoya High School,estimated-unverified,high_school,,愛知県
s_e9d5ca370d42,岡崎城西高等学校,岡崎城西,Okazaki Josei High School,estimated-unverified,high_school,,愛知県
s_85ffe71c1f67,愛知工業大学名電高等学校,愛知工大名電,Aichi Institute of Technology Meiden High School,estimated-unverified,high_school,,愛知県
s_e1d06dd431a6,愛知県立岡崎北高等学校,岡崎北,Okazaki Kita High School,estimated-unverified,high_school,,愛知県
s_edc856477e1f,栄徳高等学校,栄徳,Eitoku High School,estimated-unverified,high_school,,愛知県
s_5a816aa493ad,桜丘高等学校（愛知県豊橋市）,桜丘,Sakuragaoka High School,estimated-unverified,high_school,,愛知県
s_46e722a7387f,聖霊高等学校,南山学園聖霊,Seirei High School,estimated-unverified,high_school,,愛知県
s_5e90519dd240,誉高等学校,誉,Homare High School,web,high_school,https://www.baseball-reference.com/bullpen/Homare_High_School,愛知県
s_dd90d94a532c,帝京長岡高等学校,帝京長岡,Teikyo Nagaoka High School,estimated-unverified,high_school,,新潟県
s_410e3d076e90,新潟県立長岡大手高等学校,長岡大手,Nagaoka Ote High School,estimated-unverified,high_school,,新潟県
s_342ac33e9c52,開志国際高等学校,開志国際,Kaishi Kokusai High School,estimated-unverified,high_school,,新潟県
s_55c30ff32f11,啓明学園高等学校,啓明学園,Keimei Gakuen High School,estimated-unverified,high_school,,東京
s_827f5edb0228,國學院高等学校,國學院,Kokugakuin High School,estimated-unverified,high_school,,東京
s_1e94b4f5a91d,学習院高等科,学習院,Gakushuin Boys' Senior High School,estimated-unverified,high_school,,東京
s_d7504861b3d6,文教大学付属高等学校,文教大付,Bunkyo University High School,estimated-unverified,high_school,,東京
s_ae791066fa91,日本体育大学桜華高等学校,日体桜華,Nippon Sport Science University Ouka High School,estimated-unverified,high_school,,東京
s_b2beaafdfb7e,昭和第一高等学校,昭和第一,Showa Daiichi High School,estimated-unverified,high_school,,東京
s_335529095e60,東京都立砂川高等学校,都立砂川,Sunagawa High School,estimated-unverified,high_school,,東京
s_2a070a1cb46d,東京都立駒場高等学校,駒場,Komaba High School,estimated-unverified,high_school,,東京
s_76d15361f4e0,玉川学園高等部,玉川学園,Tamagawa Academy High School Division,estimated-unverified,high_school,,東京
s_f7a5d0014840,立正大学付属立正高等学校,立正大立正,Rissho University Rissho High School,estimated-unverified,high_school,,東京
s_5785f2e944c1,飛鳥未来高等学校,飛鳥未来,Asuka Mirai High School,estimated-unverified,high_school,,東京
s_8179aa0ee352,高輪高等学校,高輪,Takanawa High School,estimated-unverified,high_school,,東京
s_3e442e07e298,麻布高等学校,麻布,Azabu High School,estimated-unverified,high_school,,東京
s_3a6aa7a58020,代々木高等学校,代々木,Yoyogi High School,web,high_school,https://www.wikidata.org/wiki/Q11378233,東京都
s_7458539bd506,共立女子第二高等学校,共立女子第二,Kyoritsu Girls' Daini Senior High School,estimated-unverified,high_school,,東京都
s_2724a997c1b0,日本体育大学荏原高等学校,日体大荏原,Nippon Sport Science University Ebara High School,estimated-unverified,high_school,,東京都
s_a0e2f2f2cd6a,日本大学櫻丘高等学校,日本大学櫻丘,Nihon University Sakuragaoka High School,estimated-unverified,high_school,,東京都
s_8ef0769d3e8e,日本大学第一高等学校,日本大第一高,Nihon University Daiichi High School,estimated-unverified,high_school,,東京都
s_2bc5e4c331b5,早稲田大学系属早稲田実業学校高等部,早稲田実業学校高等部,Waseda Jitsugyo High School,estimated-unverified,high_school,,東京都
s_6329398cb913,明治大学付属中野高等学校,明治大付属中野,Meiji University Nakano High School,estimated-unverified,high_school,,東京都
s_80a4d3f53b6b,明治大学付属八王子高等学校,明大中野八王子,Meiji University Hachioji High School,estimated-unverified,high_school,,東京都
s_afbabb7d8dd1,杉並学院高等学校,杉並学院,Suginami Gakuin High School,web,high_school,https://japantravel.navitime.com/en/area/jp/spot/00004-13108700036/,東京都
s_e777cf4bb2ae,東京都市大学付属高等学校,東京都市大学付,Tokyo City University High School,estimated-unverified,high_school,,東京都
s_ddb029b717c5,法政大学高等学校,法政大学,Hosei University High School,estimated-unverified,high_school,,東京都
s_a9b568567222,目黒日本大学高等学校,目黒日本大学,Meguro Nihon University High School,estimated-unverified,high_school,,東京都
s_66b68dc6bca4,立教池袋高等学校,立教池袋,Rikkyo Ikebukuro Senior High School,estimated-unverified,high_school,,東京都
s_f5a39b512737,足立学園高等学校,足立学園,Adachi Gakuen High School,estimated-unverified,high_school,,東京都
s_323b329aab3d,香蘭女学校高等科,香蘭女学校,Koran Jogakko Senior High School,estimated-unverified,high_school,,東京都
s_7a1a6a66633e,栃木県立宇都宮東高等学校,宇都宮東,Utsunomiya Higashi High School,estimated-unverified,high_school,,栃木
s_48bfd402636b,佐野日本大学高等学校,佐野日本大学,Sano Nihon University Senior High School,official,high_school,https://high.sano-nichidai.jp/wp-content/uploads/2024/06/4cd4047ece4ac347fefc00de2033ff17.pdf,栃木県
s_2897929bacbf,作新学院高等学校,作新学院,Sakushin Gakuin High School,web,high_school,https://www.baseball-reference.com/bullpen/Sakushin_Gakuin_High_School,栃木県
s_a6f5bdba3f45,宇都宮文星女子高等学校,宇都宮文星女子,Utsunomiya Bunsei Girls' High School,estimated-unverified,high_school,,栃木県
s_ce032c81797e,栃木県立佐野高等学校,佐野,Sano High School,estimated-unverified,high_school,,栃木県
s_a2efc4e67aed,栃木県立栃木高等学校,栃木,Tochigi High School,estimated-unverified,high_school,,栃木県
s_9c55f6b4b647,エナジックスポーツ高等学院,エナジックスポーツ高等学院,Energic Sports High School,estimated-unverified,high_school,,沖縄県
s_0733912e62c8,沖縄カトリック高等学校,沖縄カトリック,Okinawa Catholic High School,estimated-unverified,high_school,,沖縄県
s_624727c6e1ff,沖縄県立コザ高等学校,コザ,Koza High School,estimated-unverified,high_school,,沖縄県
s_800e39e1904a,興南高等学校,興南,Konan High School (Okinawa),estimated-unverified,high_school,,沖縄県
s_7d68450a0120,ECC学園高等学校,ECC学園,ECC Gakuen High School,estimated-unverified,high_school,,滋賀県
s_4169d7b3d6e2,滋賀県立石部高等学校,県立石部,Ishibe High School,estimated-unverified,high_school,,滋賀県
s_ff4f6bc5a584,尚絅高等学校,尚絅,Shokei High School,estimated-unverified,high_school,,熊本県
s_217547d712e3,東海大学付属熊本星翔高等学校,東海大学付属熊本星翔,Tokai University Kumamoto Seisho Senior High School,web,high_school,https://www.wikidata.org/wiki/Q11527829,熊本県
s_3bd5728507cc,熊本国府高等学校,熊本国府,Kumamoto Kokufu High School,estimated-unverified,high_school,,熊本県
s_76447f70b1d8,金沢学院大学附属高等学校,金沢学院大学附属,Kanazawa Gakuin University High School,estimated-unverified,high_school,,石川県
s_e9318f4365cc,森村学園高等部,森村学園,Morimura Gakuen High School,estimated-unverified,high_school,,神奈川
s_3d4cd80a8f2f,横浜商科大学高等学校,横浜商大,Yokohama College of Commerce High School,estimated-unverified,high_school,,神奈川
s_bc203d36a1e9,法政大学国際高等学校,法政大学国際,Hosei University Kokusai High School,estimated-unverified,high_school,,神奈川
s_a00dcd546657,法政大学第二高等学校,法政第二,Hosei University Daini High School,estimated-unverified,high_school,,神奈川
s_12d6731d0335,湘南学院高等学校,湘南学院,Shonan Gakuin High School,estimated-unverified,high_school,,神奈川
s_b181ddaa04b1,湘南工科大学附属高等学校,湘南工科大学附属,Shonan Institute of Technology High School,estimated-unverified,high_school,,神奈川
s_93623e1ed02f,神奈川県立藤沢西高等学校,藤沢西,Fujisawa Nishi High School,estimated-unverified,high_school,,神奈川
s_1b7a9caba754,慶應義塾高等学校,慶応,Keio Senior High School,estimated-unverified,high_school,,神奈川県
s_b8e8b845c652,日本大学高等学校,日大,Nihon University High School,estimated-unverified,high_school,,神奈川県
s_0495c33e0f31,相洋高等学校,相洋,Soyo High School,estimated-unverified,high_school,,神奈川県
s_0626310f7b3b,神奈川県立元石川高等学校,神奈川県立元石川,Motoishikawa High School,estimated-unverified,high_school,,神奈川県
s_1751639b2c30,神奈川県立厚木北高等学校,厚木北,Atsugi Kita High School,estimated-unverified,high_school,,神奈川県
s_8a1a77408f2d,神奈川県立横浜瀬谷高等学校,神奈川県立横浜瀬谷,Yokohama Seya High School,estimated-unverified,high_school,,神奈川県
s_41a2b3c59cc7,福井工業大学附属福井高等学校,福井工業大学附属福井,Fukui Senior High School attached to Fukui University of Technology,web,high_school,https://www.unesco-school.mext.go.jp/schools/list/fukui-senior-high-school-attached-to-fukui-university-of-technology/,福井県
s_ac2de1cbafab,日本ウェルネス高等学校北九州キャンパス,ウェルネス北九州,Nippon Wellness High School (Kitakyushu Campus),estimated-unverified,high_school,,福岡県
s_0ec642ed4585,東福岡高等学校,東福岡学園東福岡,Higashi Fukuoka High School,estimated-unverified,high_school,,福岡県
s_b8c76eaf3b20,沖学園高等学校,沖学園,Oki Gakuen High School,official,high_school,https://oki.ed.jp/en/,福岡県
s_b5f4468268e4,福岡県立武蔵台高等学校,武蔵台,Musashidai High School,estimated-unverified,high_school,,福岡県
s_1c6c89c05f6a,福岡県立福岡魁誠高等学校,魁誠,Fukuoka Kaisei High School,estimated-unverified,high_school,https://kaisei.fku.ed.jp/,福岡県
s_e08bb1163342,福岡第一高等学校,福岡第一,Fukuoka Daiichi High School,estimated-unverified,high_school,,福岡県
s_b7ec200d395d,第一薬科大学付属高等学校,第一薬科大付属,Daiichi University of Pharmacy High School,estimated-unverified,high_school,,福岡県
s_01f9287c00d4,西南学院高等学校,西南学院,Seinan Gakuin High School,estimated-unverified,high_school,,福岡県
s_7165f431f384,学校法人石川高等学校（学法石川）,学法石川,Gakuho Ishikawa High School,estimated-unverified,high_school,,福島県
s_61cdc382b4a1,東日本国際大学附属昌平高等学校,東日本国際大学附属昌平,Higashi Nippon International University Shohei High School,estimated-unverified,high_school,,福島県
s_6dcaa623c584,福島県立ふたば未来学園高等学校,福島県立ふたば未来学園,Futaba Future School,web,high_school,https://www.pref.fukushima.lg.jp/site/movie-now-english/ch-e-futabamiraigakuen.html,福島県
s_ccfa67ff6e2e,福島県立橘高等学校,福島県立橘,Tachibana High School,estimated-unverified,high_school,,福島県
s_79448bbad0ae,福島県立白河高等学校,福島県立白河,Shirakawa High School,estimated-unverified,high_school,,福島県
s_92f420d093ef,関東学園大学附属高等学校,関東学園大付属,Kanto Gakuen University High School,estimated-unverified,high_school,,群馬
s_87891602c328,共愛学園高等学校,共愛学園,Kyoai Gakuen High School,estimated-unverified,high_school,,群馬県
s_8e792169d4ee,前橋育英高等学校,前橋育英,Maebashi Ikuei High School,estimated-unverified,high_school,,群馬県
s_0fc3c47c24fc,群馬県立利根商業高等学校,利根商業,Tone Shogyo High School,estimated-unverified,high_school,,群馬県
s_62ca2ec8c7fb,（不明・ノイズ）,Ｒ,Unidentified,estimated-unverified,other,,群馬県
s_cdfede7e7633,中央（不明、茨城県）,中央,Unidentified,estimated-unverified,other,,茨城
s_85f3c9ca8b96,ルネサンス高等学校,ルネサンス,Renaissance High School,estimated-unverified,high_school,,茨城県
s_854742f3d61b,常総学院高等学校,常総学院,Josho Gakuin High School,estimated-unverified,high_school,,茨城県
s_a5ec368cd0d7,日本ウェルネス高等学校,日本ウェルネス,Nippon Wellness High School,web,high_school,https://ja.wikipedia.org/wiki/%E6%97%A5%E6%9C%AC%E3%82%A6%E3%82%A7%E3%83%AB%E3%83%8D%E3%82%B9%E9%AB%98%E7%AD%89%E5%AD%A6%E6%A0%A1,茨城県
s_dac6ae063b27,明秀学園日立高等学校,明秀学園日立,Meishu Gakuen Hitachi High School,estimated-unverified,high_school,,茨城県
s_a8c7bd530cf1,水戸啓明高等学校,水戸啓明,Mito Keimei High School,estimated-unverified,high_school,,茨城県
s_d553d5b6b903,第一学院高等学校,第一学院,Daiichi Gakuin High School,estimated-unverified,high_school,,茨城県
s_87ac57e93407,茨城キリスト教学園高等学校,茨城キリスト教,Ibaraki Christian High School,estimated-unverified,high_school,,茨城県
s_31ce171858bc,茨城県立土浦第二高等学校,茨城県立土浦第二,Tsuchiura Daini High School,estimated-unverified,high_school,,茨城県
s_54d2d29cb554,鹿島学園高等学校,鹿島学園,Kashima Gakuen High School,estimated-unverified,high_school,,茨城県
s_b69b111b1022,長崎日本大学高等学校,長崎日本大学,Nagasaki Nihon University High School,estimated-unverified,high_school,,長崎県
s_ccd034f608a0,長野県長野西高等学校,長野西,Nagano Nishi High School,estimated-unverified,high_school,,長野
s_36e9502eb9e8,佐久長聖高等学校,佐久長聖,Saku Chosei High School,estimated-unverified,high_school,,長野県
s_edafed45d1cd,東海大学付属諏訪高等学校,東海大学付属諏訪,Tokai University Suwa High School,estimated-unverified,high_school,,長野県
s_441f4f6df622,長野俊英高等学校,藤ノ井学園長野俊英,Nagano Shunei High School,estimated-unverified,high_school,,長野県
s_c10c94c9d3b1,八戸学院光星高等学校,八戸学院光星,Hachinohe Gakuin Kosei High School,estimated-unverified,high_school,,青森県
s_087036b6bc16,八戸聖ウルスラ学院高等学校,八戸聖ウ,Hachinohe Seiursula Gakuin High School,estimated-unverified,high_school,,青森県
s_d9444aace1c0,不二聖心女子学院高等学校,不二聖心女子,Fuji Seishin Girls' High School,estimated-unverified,high_school,,静岡
s_b690341377f5,日本大学三島高等学校,日大三島,Nihon University Mishima High School,estimated-unverified,high_school,,静岡
s_7b6d968bd956,星陵高等学校（静岡県）,星陵,Seiryo High School,estimated-unverified,high_school,,静岡
s_0a9426271bda,浜松開誠館高等学校,浜松開誠館,Hamamatsu Kaiseikan High School,web,high_school,https://commons.wikimedia.org/wiki/File:Hamamatsu_Kaiseikan_Junior_and_Senior_High_School.jpg,静岡
s_a22b15289e80,クラーク記念国際高等学校浜松キャンパス,クラーク浜松,Clark Memorial International High School (Hamamatsu Campus),estimated-unverified,high_school,,静岡県
s_1fe31b1cc6ef,浜松学芸高等学校,浜松学芸,Hamamatsu Gakugei High School,estimated-unverified,high_school,,静岡県
s_3df8e02184a0,浜松日体高等学校,浜松日体,Hamamatsu Nittai High School,estimated-unverified,high_school,,静岡県
s_f70ec7070620,静清高等学校,相川学園静清,Seisei High School,estimated-unverified,high_school,,静岡県
s_aa5305e6f77f,四国学院大学香川西高等学校,四国学院大学香川西,Shikoku Gakuin University Kagawa Nishi High School,estimated-unverified,high_school,,香川県
s_148d8f84b4c9,高松中央高等学校,高松中央,Takamatsu Chuo High School,estimated-unverified,high_school,,香川県
s_7e4bb78e7080,土佐塾高等学校,土佐塾,Tosajuku High School,estimated-unverified,high_school,,高知
s_e82ed2e3f826,ヒューマンキャンパス高等学校,ヒューマンキャンパス,Human Campus High School,estimated-unverified,high_school,,高知県
s_24c4adbf7544,太平洋学園高等学校,太平洋学園,Taiheiyo Gakuen High School,estimated-unverified,high_school,,高知県
s_20e63ae546ab,明徳義塾高等学校,明徳義塾,Meitoku Gijuku Senior High School,official,high_school,https://www.meitoku-gijuku.ed.jp/english/about02.html,高知県
s_4506666400a5,高知中央高等学校,高知中央,Kochi Chuo High School,estimated-unverified,high_school,,高知県
s_79897201076c,高知高等学校,高知,Kochi High School,estimated-unverified,high_school,,高知県
s_da81a7181a98,尚志館高等学校,尚志館,Shoshikan High School,estimated-unverified,high_school,,鹿児島県
s_097702d9c532,樟南高等学校,樟南,Shonan High School,web,high_school,https://www.wikidata.org/wiki/Q11542241,鹿児島県
s_0ad17359a6f4,鹿児島城西高等学校,鹿児島城西,Kagoshima Josei High School,estimated-unverified,high_school,,鹿児島県
