tournament_key,team_name,position,tied,status,prefecture,total_score
kougoren-summer-2023-boys-team,埼玉栄,1,False,finished,埼玉県,426
kougoren-summer-2023-boys-team,日章学園,2,False,finished,宮崎県,426
kougoren-summer-2023-boys-team,千葉黎明,3,False,finished,千葉県,428
kougoren-summer-2023-boys-team,作新学院,4,False,finished,栃木県,433
kougoren-summer-2023-boys-team,代々木,5,False,finished,東京都,434
kougoren-summer-2023-boys-team,開志国際,6,False,finished,新潟県,434
kougoren-summer-2023-boys-team,興國,7,False,finished,大阪府,435
kougoren-summer-2023-boys-team,ウェルネス,8,False,finished,茨城県,438
kougoren-summer-2023-boys-team,関西,9,False,finished,岡山県,438
kougoren-summer-2023-boys-team,福井工大福井,10,False,finished,福井県,439
kougoren-summer-2023-boys-team,沖学園,11,False,finished,福岡県,440
kougoren-summer-2023-boys-team,滝川第二,12,False,finished,兵庫県,440
kougoren-summer-2023-boys-team,東北,13,False,finished,宮城県,440
kougoren-summer-2023-boys-team,奈良育英,14,False,finished,奈良県,440
kougoren-summer-2023-boys-team,福岡第一,15,False,finished,福岡県,443
kougoren-summer-2023-boys-team,明秀日立,16,False,finished,茨城県,443
kougoren-summer-2023-boys-team,目黒日大,17,False,finished,東京都,443
kougoren-summer-2023-boys-team,ルネサンス,18,False,finished,茨城県,443
kougoren-summer-2023-boys-team,中部大第一,19,False,finished,愛知県,445
kougoren-summer-2023-boys-team,三重,20,False,finished,三重県,445
kougoren-summer-2023-boys-team,高知中央,21,False,finished,高知県,446
kougoren-summer-2023-boys-team,西武台千葉,22,False,finished,千葉県,446
kougoren-summer-2023-boys-team,水戸啓明,23,False,finished,茨城県,450
kougoren-summer-2023-boys-team,四学香川西,24,False,finished,香川県,455
kougoren-summer-2023-boys-team,早稲田実業,25,False,finished,東京都,456
kougoren-summer-2023-boys-team,高川学園,26,False,finished,山口県,457
kougoren-summer-2023-boys-team,佐久長聖,27,False,finished,長野県,460
kougoren-summer-2023-boys-team,学法石川,28,False,finished,福島県,461
kougoren-summer-2023-boys-team,千葉学芸,29,False,finished,千葉県,461
kougoren-summer-2023-boys-team,大阪桐蔭,30,False,finished,大阪府,462
kougoren-summer-2023-boys-team,札幌光星,31,False,finished,北海道,463
kougoren-summer-2023-boys-team,栄徳,32,False,finished,愛知県,465
kougoren-summer-2023-boys-team,柳ヶ浦,33,False,finished,大分県,472
kougoren-summer-2023-boys-team,樟南,34,False,finished,鹿児島県,475
kougoren-summer-2023-boys-team,駒大苫小牧,35,False,finished,北海道,483
kougoren-summer-2023-boys-team,大阪学院大学,,False,wd,大阪府,
kougoren-summer-2023-girls-team,日章学園,1,False,finished,宮崎県,405
kougoren-summer-2023-girls-team,聖霊,2,False,finished,愛知県,416
kougoren-summer-2023-girls-team,明秀日立,3,False,finished,茨城県,418
kougoren-summer-2023-girls-team,好文学園,4,False,finished,大阪府,418
kougoren-summer-2023-girls-team,ＥＣＣ学園,5,False,finished,滋賀県,419
kougoren-summer-2023-girls-team,沖学園,6,False,finished,福岡県,420
kougoren-summer-2023-girls-team,滝川第二,7,False,finished,兵庫県,422
kougoren-summer-2023-girls-team,ルネサンス大阪,8,False,finished,大阪府,422
kougoren-summer-2023-girls-team,奈良育英,9,False,finished,奈良県,426
kougoren-summer-2023-girls-team,ルネサンス,10,False,finished,茨城県,428
kougoren-summer-2023-girls-team,共立女子第二,11,False,finished,東京都,429
kougoren-summer-2023-girls-team,千葉黎明,12,False,finished,千葉県,430
kougoren-summer-2023-girls-team,東北,13,False,finished,宮城県,433
kougoren-summer-2023-girls-team,埼玉栄,14,False,finished,埼玉県,434
kougoren-summer-2023-girls-team,ウェルネス,15,False,finished,茨城県,434
kougoren-summer-2023-girls-team,明徳義塾,16,False,finished,高知県,434
kougoren-summer-2023-girls-team,エナジック,17,False,finished,沖縄県,436
kougoren-summer-2023-girls-team,熊本国府,18,False,finished,熊本県,436
kougoren-summer-2023-girls-team,誉,19,False,finished,愛知県,438
kougoren-summer-2023-girls-team,第一薬科大付,20,False,finished,福岡県,438
kougoren-summer-2023-girls-team,大阪桐蔭,21,False,finished,大阪府,440
kougoren-summer-2023-girls-team,岡山理大附,22,False,finished,岡山県,441
kougoren-summer-2023-girls-team,柳ヶ浦,23,False,finished,大分県,442
kougoren-summer-2023-girls-team,福井工大福井,24,False,finished,福井県,443
kougoren-summer-2023-girls-team,開志国際,25,False,finished,新潟県,443
kougoren-summer-2023-girls-team,津田学園,26,False,finished,三重県,445
kougoren-summer-2023-girls-team,高川学園,27,False,finished,山口県,446
kougoren-summer-2023-girls-team,岐阜聖徳学園,28,False,finished,岐阜県,450
kougoren-summer-2023-girls-team,目黒日大,29,False,finished,東京都,451
kougoren-summer-2023-girls-team,作陽学園,30,False,finished,岡山県,457
kougoren-summer-2023-girls-team,四学香川西,31,False,finished,香川県,457
kougoren-summer-2023-girls-team,佐久長聖,32,False,finished,長野県,459
kougoren-summer-2023-girls-team,日体大荏原,33,False,finished,東京都,461
kougoren-summer-2023-girls-team,高知中央,34,False,finished,高知県,464
kougoren-summer-2023-girls-team,北海学園,35,False,finished,北海道,477
kougoren-summer-2023-girls-team,盛岡中央,36,False,finished,岩手県,479
kougoren-summer-2024-boys-team,千葉黎明,1,False,finished,千葉県,205
kougoren-summer-2024-boys-team,興國,2,False,finished,大阪府,207
kougoren-summer-2024-boys-team,沖学園,3,False,finished,福岡県,207
kougoren-summer-2024-boys-team,日章学園,4,False,finished,宮崎県,211
kougoren-summer-2024-boys-team,大阪学院大学,5,False,finished,大阪府,211
kougoren-summer-2024-boys-team,三重,6,False,finished,三重県,213
kougoren-summer-2024-boys-team,埼玉栄,7,False,finished,埼玉県,213
kougoren-summer-2024-boys-team,開志国際,8,False,finished,新潟県,213
kougoren-summer-2024-boys-team,東大阪大柏原,9,False,finished,大阪府,214
kougoren-summer-2024-boys-team,作新学院,10,False,finished,栃木県,214
kougoren-summer-2024-boys-team,代々木,11,False,finished,東京都,215
kougoren-summer-2024-boys-team,柳ヶ浦,12,False,finished,大分県,216
kougoren-summer-2024-boys-team,岐阜聖徳学園,13,False,finished,岐阜県,217
kougoren-summer-2024-boys-team,栄徳,14,False,finished,愛知県,217
kougoren-summer-2024-boys-team,高知中央,15,False,finished,高知県,218
kougoren-summer-2024-boys-team,作陽学園,16,False,finished,岡山県,219
kougoren-summer-2024-boys-team,佐野日大,17,False,finished,栃木県,219
kougoren-summer-2024-boys-team,水戸啓明,18,False,finished,茨城県,220
kougoren-summer-2024-boys-team,目黒日大,19,False,finished,東京都,220
kougoren-summer-2024-boys-team,中部大第一,20,False,finished,愛知県,221
kougoren-summer-2024-boys-team,ルネサンス,21,False,finished,茨城県,222
kougoren-summer-2024-boys-team,東北,22,False,finished,宮城県,222
kougoren-summer-2024-boys-team,日ノ本学園,23,False,finished,兵庫県,222
kougoren-summer-2024-boys-team,明大八王子,24,False,finished,東京都,222
kougoren-summer-2024-boys-team,ウェルネス,25,False,finished,茨城県,223
kougoren-summer-2024-boys-team,佐久長聖,26,False,finished,長野県,225
kougoren-summer-2024-boys-team,大阪桐蔭,27,False,finished,大阪府,225
kougoren-summer-2024-boys-team,札幌光星,28,False,finished,北海道,226
kougoren-summer-2024-boys-team,福岡第一,29,False,finished,福岡県,226
kougoren-summer-2024-boys-team,明徳義塾,30,False,finished,高知県,227
kougoren-summer-2024-boys-team,八戸光星,31,False,finished,青森県,230
kougoren-summer-2024-boys-team,関西,32,False,finished,岡山県,231
kougoren-summer-2024-boys-team,広島国際学院,33,False,finished,広島県,232
kougoren-summer-2024-boys-team,拓大紅陵,34,False,finished,千葉県,239
kougoren-summer-2024-boys-team,愛工大名電,35,False,finished,愛知県,240
kougoren-summer-2024-boys-team,駒大苫小牧,36,False,finished,北海道,248
kougoren-summer-2024-boys-team,津田学園,37,False,finished,三重県,257
kougoren-summer-2024-girls-team,大阪桐蔭,1,False,finished,大阪府,204
kougoren-summer-2024-girls-team,ルネサンス大阪,2,False,finished,大阪府,207
kougoren-summer-2024-girls-team,生光学園,3,False,finished,徳島県,207
kougoren-summer-2024-girls-team,エナジック,4,False,finished,沖縄県,207
kougoren-summer-2024-girls-team,沖学園,5,False,finished,福岡県,208
kougoren-summer-2024-girls-team,奈良育英,6,False,finished,奈良県,208
kougoren-summer-2024-girls-team,ウェルネス,7,False,finished,茨城県,209
kougoren-summer-2024-girls-team,埼玉栄,8,False,finished,埼玉県,210
kougoren-summer-2024-girls-team,日章学園,9,False,finished,宮崎県,210
kougoren-summer-2024-girls-team,共立女子第二,10,False,finished,東京都,210
kougoren-summer-2024-girls-team,中部大第一,11,False,finished,愛知県,211
kougoren-summer-2024-girls-team,ＥＣＣ学園,12,False,finished,滋賀県,211
kougoren-summer-2024-girls-team,滝川第二,13,False,finished,兵庫県,213
kougoren-summer-2024-girls-team,ルネサンス,14,False,finished,茨城県,214
kougoren-summer-2024-girls-team,福井工大福井,15,False,finished,福井県,215
kougoren-summer-2024-girls-team,誉,16,False,finished,愛知県,216
kougoren-summer-2024-girls-team,大分,17,False,finished,大分県,216
kougoren-summer-2024-girls-team,第一薬科大付,18,False,finished,福岡県,218
kougoren-summer-2024-girls-team,佐野日大,19,False,finished,栃木県,218
kougoren-summer-2024-girls-team,千葉黎明,20,False,finished,千葉県,219
kougoren-summer-2024-girls-team,ルネサンス豊田,21,False,finished,愛知県,219
kougoren-summer-2024-girls-team,岡山理大附,22,False,finished,岡山県,219
kougoren-summer-2024-girls-team,日ノ本学園,23,False,finished,兵庫県,220
kougoren-summer-2024-girls-team,開志国際,24,False,finished,新潟県,220
kougoren-summer-2024-girls-team,拓大紅陵,25,False,finished,千葉県,221
kougoren-summer-2024-girls-team,日体大荏原,26,False,finished,東京都,221
kougoren-summer-2024-girls-team,明秀日立,27,False,finished,茨城県,222
kougoren-summer-2024-girls-team,目黒日大,28,False,finished,東京都,223
kougoren-summer-2024-girls-team,東北,29,False,finished,宮城県,224
kougoren-summer-2024-girls-team,高知中央,30,False,finished,高知県,225
kougoren-summer-2024-girls-team,岐阜聖徳学園,31,False,finished,岐阜県,225
kougoren-summer-2024-girls-team,広島国際学院,32,False,finished,広島県,225
kougoren-summer-2024-girls-team,浜松学芸,33,False,finished,静岡県,225
kougoren-summer-2024-girls-team,金沢学院大附,34,False,finished,石川県,227
kougoren-summer-2024-girls-team,作陽学園,35,False,finished,岡山県,231
kougoren-summer-2024-girls-team,札幌光星,36,False,finished,北海道,232
kougoren-summer-2024-girls-team,八戸光星,37,False,finished,青森県,240
kougoren-summer-2025-boys-team,埼玉栄,1,False,finished,埼玉県,200
kougoren-summer-2025-boys-team,興國,2,False,finished,大阪府,200
kougoren-summer-2025-boys-team,代々木,3,False,finished,東京都,202
kougoren-summer-2025-boys-team,大阪学院大学,4,False,finished,大阪府,207
kougoren-summer-2025-boys-team,大阪桐蔭,5,False,finished,大阪府,207
kougoren-summer-2025-boys-team,佐野日大,6,False,finished,栃木県,210
kougoren-summer-2025-boys-team,福井工大福井,7,False,finished,福井県,215
kougoren-summer-2025-boys-team,広島国際学院,8,False,finished,広島県,215
kougoren-summer-2025-boys-team,滝川第二,9,False,finished,兵庫県,433
kougoren-summer-2025-boys-team,作新学院,10,False,finished,栃木県,433
kougoren-summer-2025-boys-team,杉並学院,11,False,finished,東京都,436
kougoren-summer-2025-boys-team,沖学園,12,False,finished,福岡県,437
kougoren-summer-2025-boys-team,生光学園,13,False,finished,徳島県,437
kougoren-summer-2025-boys-team,東北,14,False,finished,宮城県,437
kougoren-summer-2025-boys-team,千葉黎明,15,False,finished,千葉県,438
kougoren-summer-2025-boys-team,栄徳,16,False,finished,愛知県,439
kougoren-summer-2025-boys-team,目黒日大,17,False,finished,東京都,441
kougoren-summer-2025-boys-team,大分,18,False,finished,大分県,442
kougoren-summer-2025-boys-team,高知中央,19,False,finished,高知県,444
kougoren-summer-2025-boys-team,作陽学園,20,False,finished,岡山県,447
kougoren-summer-2025-boys-team,札幌光星,21,False,finished,北海道,447
kougoren-summer-2025-boys-team,中部大第一,22,False,finished,愛知県,450
kougoren-summer-2025-boys-team,ウェルネス,23,False,finished,茨城県,451
kougoren-summer-2025-boys-team,日章学園,24,False,finished,宮崎県,451
kougoren-summer-2025-boys-team,佐久長聖,25,False,finished,長野県,452
kougoren-summer-2025-boys-team,柳ヶ浦,26,False,finished,大分県,453
kougoren-summer-2025-boys-team,岐阜聖徳学園,27,False,finished,岐阜県,453
kougoren-summer-2025-boys-team,ルネサンス,28,False,finished,茨城県,454
kougoren-summer-2025-boys-team,八戸光星,29,False,finished,青森県,455
kougoren-summer-2025-boys-team,日ノ本,30,False,finished,兵庫県,457
kougoren-summer-2025-boys-team,拓大紅陵,31,False,finished,千葉県,459
kougoren-summer-2025-boys-team,開志国際,32,False,finished,新潟県,464
kougoren-summer-2025-boys-team,水戸啓明,33,False,finished,茨城県,464
kougoren-summer-2025-boys-team,津田学園,34,False,finished,三重県,467
kougoren-summer-2025-boys-team,前橋育英,35,False,finished,群馬県,487
kougoren-summer-2025-boys-team,学園札幌,36,False,finished,北海道,521
kougoren-summer-2025-girls-team,ＥＣＣ学園,1,False,finished,滋賀県,205
kougoren-summer-2025-girls-team,大阪桐蔭,2,False,finished,大阪府,208
kougoren-summer-2025-girls-team,ルネサンス,3,False,finished,茨城県,209
kougoren-summer-2025-girls-team,麗澤瑞浪,4,False,finished,岐阜県,209
kougoren-summer-2025-girls-team,沖学園,5,False,finished,福岡県,210
kougoren-summer-2025-girls-team,埼玉栄,6,False,finished,埼玉県,211
kougoren-summer-2025-girls-team,共立女子第二,7,False,finished,東京都,212
kougoren-summer-2025-girls-team,エナジックスポーツ,8,False,finished,沖縄県,225
kougoren-summer-2025-girls-team,日章学園,9,False,finished,宮崎県,430
kougoren-summer-2025-girls-team,明秀日立,10,False,finished,茨城県,431
kougoren-summer-2025-girls-team,東北,11,False,finished,宮城県,432
kougoren-summer-2025-girls-team,滝川第二,12,False,finished,兵庫県,433
kougoren-summer-2025-girls-team,ルネサンス豊田,13,False,finished,愛知県,433
kougoren-summer-2025-girls-team,佐野日大,14,False,finished,栃木県,436
kougoren-summer-2025-girls-team,第一薬大付,15,False,finished,福岡県,438
kougoren-summer-2025-girls-team,中部大第一,16,False,finished,愛知県,439
kougoren-summer-2025-girls-team,作陽学園,17,False,finished,岡山県,439
kougoren-summer-2025-girls-team,日体大荏原,18,False,finished,東京都,441
kougoren-summer-2025-girls-team,明徳義塾,19,False,finished,高知県,441
kougoren-summer-2025-girls-team,拓大紅陵,20,False,finished,千葉県,442
kougoren-summer-2025-girls-team,目黒日大,21,False,finished,東京都,442
kougoren-summer-2025-girls-team,大阪学院大学,22,False,finished,大阪府,445
kougoren-summer-2025-girls-team,開志国際,23,False,finished,新潟県,446
kougoren-summer-2025-girls-team,福井工大福井,24,False,finished,福井県,447
kougoren-summer-2025-girls-team,千葉黎明,25,False,finished,千葉県,448
kougoren-summer-2025-girls-team,日ノ本,26,False,finished,兵庫県,451
kougoren-summer-2025-girls-team,岡山理大附,27,False,finished,岡山県,452
kougoren-summer-2025-girls-team,八戸光星,28,False,finished,青森県,455
kougoren-summer-2025-girls-team,ウェルネス,29,False,finished,茨城県,458
kougoren-summer-2025-girls-team,奈良育英,30,False,finished,奈良県,469
kougoren-summer-2025-girls-team,高川学園,31,False,finished,山口県,490
kougoren-summer-2025-girls-team,学園札幌,32,False,finished,北海道,497
kougoren-summer-2025-girls-team,駒大苫小牧,33,False,finished,北海道,554
kougoren-summer-2025-girls-team,岡崎城西,34,False,finished,愛知県,
kougoren-summer-2026-boys-team,佐野日大,1,False,finished,栃木県,199
kougoren-summer-2026-boys-team,興國,2,False,finished,大阪府,206
kougoren-summer-2026-boys-team,エナジックスポーツ,3,False,finished,沖縄県,212
kougoren-summer-2026-boys-team,埼玉栄,4,False,finished,埼玉県,213
kougoren-summer-2026-boys-team,大阪桐蔭,5,False,finished,大阪府,213
kougoren-summer-2026-boys-team,沖学園,6,False,finished,福岡県,216
kougoren-summer-2026-boys-team,代々木,7,False,finished,東京都,216
kougoren-summer-2026-boys-team,滝川第二,8,False,finished,兵庫県,218
kougoren-summer-2026-boys-team,柳ヶ浦,9,False,finished,大分県,432
kougoren-summer-2026-boys-team,栄徳,10,False,finished,愛知県,432
kougoren-summer-2026-boys-team,広島国際学院,11,False,finished,広島県,434
kougoren-summer-2026-boys-team,大阪学院大学,12,False,finished,大阪府,435
kougoren-summer-2026-boys-team,福井工大福井,13,False,finished,福井県,436
kougoren-summer-2026-boys-team,杉並学院,14,False,finished,東京都,437
kougoren-summer-2026-boys-team,東北,15,False,finished,宮城県,439
kougoren-summer-2026-boys-team,八戸光星,16,False,finished,青森県,440
kougoren-summer-2026-boys-team,作新学院,17,False,finished,栃木県,442
kougoren-summer-2026-boys-team,千葉黎明,18,False,finished,千葉県,448
kougoren-summer-2026-boys-team,開志国際,19,False,finished,新潟県,448
kougoren-summer-2026-boys-team,高知中央,20,False,finished,高知県,450
kougoren-summer-2026-boys-team,中部大第一,21,False,finished,愛知県,451
kougoren-summer-2026-boys-team,関西,22,False,finished,岡山県,452
kougoren-summer-2026-boys-team,ウェルネス,23,False,finished,茨城県,453
kougoren-summer-2026-boys-team,四学香川西,24,False,finished,香川県,462
kougoren-summer-2026-boys-team,拓大紅陵,25,False,finished,千葉県,466
kougoren-summer-2026-boys-team,前橋育英,26,False,finished,群馬県,472
kougoren-summer-2026-boys-team,明大中野,27,False,finished,東京都,473
kougoren-summer-2026-boys-team,立教新座,28,False,finished,埼玉県,477
kougoren-summer-2026-boys-team,岡崎城西,29,False,finished,愛知県,479
kougoren-summer-2026-boys-team,北海学園札幌,30,False,finished,北海道,480
kougoren-summer-2026-boys-team,福岡第一,31,False,finished,福岡県,484
kougoren-summer-2026-boys-team,早稲田実業,32,False,finished,東京都,487
kougoren-summer-2026-boys-team,札幌光星,33,False,finished,北海道,491
kougoren-summer-2026-boys-team,共愛学園,34,False,finished,群馬県,499
kougoren-summer-2026-boys-team,埼玉平成,,False,wd,埼玉県,
kougoren-summer-2026-girls-team,滝川第二,1,False,finished,兵庫県,206
kougoren-summer-2026-girls-team,大阪学院大学,2,False,finished,大阪府,206
kougoren-summer-2026-girls-team,麗澤瑞浪,3,False,finished,岐阜県,207
kougoren-summer-2026-girls-team,ＥＣＣ学園,4,False,finished,滋賀県,207
kougoren-summer-2026-girls-team,大阪桐蔭,5,False,finished,大阪府,207
kougoren-summer-2026-girls-team,東北,6,False,finished,宮城県,207
kougoren-summer-2026-girls-team,ルネサンス,7,False,finished,茨城県,216
kougoren-summer-2026-girls-team,ルネサンス大阪,8,False,finished,大阪府,218
kougoren-summer-2026-girls-team,ルネサンス豊田,9,False,finished,愛知県,428
kougoren-summer-2026-girls-team,明秀日立,10,False,finished,茨城県,430
kougoren-summer-2026-girls-team,エナジックスポーツ,11,False,finished,沖縄県,430
kougoren-summer-2026-girls-team,開志国際,12,False,finished,新潟県,430
kougoren-summer-2026-girls-team,沖学園,13,False,finished,福岡県,430
kougoren-summer-2026-girls-team,第一薬大付,14,False,finished,福岡県,431
kougoren-summer-2026-girls-team,目黒日大,15,False,finished,東京都,433
kougoren-summer-2026-girls-team,埼玉栄,16,False,finished,埼玉県,434
kougoren-summer-2026-girls-team,中部大第一,17,False,finished,愛知県,438
kougoren-summer-2026-girls-team,日体大荏原,18,False,finished,東京都,438
kougoren-summer-2026-girls-team,日章学園,19,False,finished,宮崎県,439
kougoren-summer-2026-girls-team,第一学院高校,20,False,finished,茨城県,439
kougoren-summer-2026-girls-team,四学香川西,21,False,finished,香川県,440
kougoren-summer-2026-girls-team,佐野日大,22,False,finished,栃木県,442
kougoren-summer-2026-girls-team,ウェルネス,23,False,finished,茨城県,442
kougoren-summer-2026-girls-team,福井工大福井,24,False,finished,福井県,446
kougoren-summer-2026-girls-team,拓大紅陵,25,False,finished,千葉県,447
kougoren-summer-2026-girls-team,福岡第一,26,False,finished,福岡県,448
kougoren-summer-2026-girls-team,作陽学園,27,False,finished,岡山県,450
kougoren-summer-2026-girls-team,生光学園,28,False,finished,徳島県,452
kougoren-summer-2026-girls-team,金沢学院大附,29,False,finished,石川県,453
kougoren-summer-2026-girls-team,千葉黎明,30,False,finished,千葉県,455
kougoren-summer-2026-girls-team,八戸光星,31,False,finished,青森県,457
kougoren-summer-2026-girls-team,栄徳,32,False,finished,愛知県,473
kougoren-summer-2026-girls-team,北海学園札幌,33,False,finished,北海道,477
kougoren-summer-2026-girls-team,岡山理科大学附属,34,False,finished,岡山県,479
kougoren-summer-2026-girls-team,広島国際学院,35,False,finished,広島県,485
kougoren-summer-2026-girls-team,日ノ本学園,36,False,finished,兵庫県,489
chubu-kougoren-summer-qualifier-2025-boys-team,福井工大福井,1,False,finished,福井,416
chubu-kougoren-summer-qualifier-2025-boys-team,中部大第一,2,False,finished,愛知,439
chubu-kougoren-summer-qualifier-2025-boys-team,栄徳,3,False,finished,愛知,446
chubu-kougoren-summer-qualifier-2025-boys-team,岐阜聖徳学園,4,False,finished,岐阜,461
chubu-kougoren-summer-qualifier-2025-boys-team,津田学園,5,False,finished,三重,471
chubu-kougoren-summer-qualifier-2025-boys-team,岡崎城西,6,False,finished,愛知,472
chubu-kougoren-summer-qualifier-2025-boys-team,愛工大名電,7,False,finished,愛知,489
chubu-kougoren-summer-qualifier-2025-boys-team,中部大春日丘,8,False,finished,愛知,496
chubu-kougoren-summer-qualifier-2025-boys-team,麗澤瑞浪,9,False,finished,岐阜,521
chubu-kougoren-summer-qualifier-2025-boys-team,金沢学院大附,10,False,finished,石川,532
chubu-kougoren-summer-qualifier-2025-boys-team,星城,11,False,finished,愛知,535
chubu-kougoren-summer-qualifier-2025-boys-team,東海学園,12,False,finished,愛知,541
chubu-kougoren-summer-qualifier-2025-girls-team,中部大第一,1,False,finished,愛知,437
chubu-kougoren-summer-qualifier-2025-girls-team,麗澤瑞浪,2,False,finished,岐阜,442
chubu-kougoren-summer-qualifier-2025-girls-team,ルネサンス豊田,3,False,finished,愛知,454
chubu-kougoren-summer-qualifier-2025-girls-team,福井工大福井,4,False,finished,福井,464
chubu-kougoren-summer-qualifier-2025-girls-team,岡崎城西,5,False,finished,愛知,466
chubu-kougoren-summer-qualifier-2025-girls-team,金沢学院大附,6,False,finished,石川,469
chubu-kougoren-summer-qualifier-2025-girls-team,誉,7,False,finished,愛知,469
chubu-kougoren-summer-qualifier-2025-girls-team,栄徳,8,False,finished,愛知,482
chubu-kougoren-summer-qualifier-2025-girls-team,岐阜聖徳学園,9,False,finished,岐阜,507
chubu-kougoren-summer-qualifier-2025-girls-team,愛工大名電,10,False,finished,愛知,549
chubu-kougoren-summer-qualifier-2025-girls-team,聖霊,11,False,finished,愛知,580
chugoku-kougoren-summer-qualifier-2025-boys-team,作陽学園,1,False,finished,岡山,438
chugoku-kougoren-summer-qualifier-2025-boys-team,広島国際学院,2,False,finished,広島,438
chugoku-kougoren-summer-qualifier-2025-boys-team,関西,3,False,finished,岡山,446
chugoku-kougoren-summer-qualifier-2025-boys-team,広島県瀬戸内,4,False,finished,広島,476
chugoku-kougoren-summer-qualifier-2025-boys-team,広陵,5,False,finished,広島,557
chugoku-kougoren-summer-qualifier-2025-boys-team,如水館,6,False,finished,広島,603
chugoku-kougoren-summer-qualifier-2025-girls-team,作陽学園,1,False,finished,岡山,440
chugoku-kougoren-summer-qualifier-2025-girls-team,岡山理科大学附属,2,False,finished,岡山,456
chugoku-kougoren-summer-qualifier-2025-girls-team,高川学園,3,False,finished,山口,466
chugoku-kougoren-summer-qualifier-2025-girls-team,広島国際学院,4,False,finished,広島,475
chugoku-kougoren-summer-qualifier-2025-girls-team,広島県瀬戸内,5,False,finished,広島,482
chugoku-kougoren-summer-qualifier-2025-girls-team,広陵,6,False,finished,広島,563
kanto-kougoren-summer-qualifier-2025-boys-team,佐野日大,1,False,finished,栃木,422
kanto-kougoren-summer-qualifier-2025-boys-team,埼玉栄,2,False,finished,埼玉,423
kanto-kougoren-summer-qualifier-2025-boys-team,水戸啓明,3,False,finished,茨城,434
kanto-kougoren-summer-qualifier-2025-boys-team,千葉黎明,4,False,finished,千葉,434
kanto-kougoren-summer-qualifier-2025-boys-team,開志国際,5,False,finished,新潟,435
kanto-kougoren-summer-qualifier-2025-boys-team,目黒日大,6,False,finished,東京,435
kanto-kougoren-summer-qualifier-2025-boys-team,作新学院,7,False,finished,栃木,438
kanto-kougoren-summer-qualifier-2025-boys-team,代々木,8,False,finished,東京,439
kanto-kougoren-summer-qualifier-2025-boys-team,ルネサンス,9,False,finished,茨城,440
kanto-kougoren-summer-qualifier-2025-boys-team,拓大紅陵,10,False,finished,千葉,444
kanto-kougoren-summer-qualifier-2025-boys-team,佐久長聖,11,False,finished,長野,445
kanto-kougoren-summer-qualifier-2025-boys-team,杉並学院,12,False,finished,東京,447
kanto-kougoren-summer-qualifier-2025-boys-team,ウェルネス,13,False,finished,茨城,450
kanto-kougoren-summer-qualifier-2025-boys-team,前橋育英,14,False,finished,群馬,465
kanto-kougoren-summer-qualifier-2025-boys-team,共愛学園,15,False,finished,群馬,469
kanto-kougoren-summer-qualifier-2025-boys-team,日大一,16,False,finished,東京,472
kanto-kougoren-summer-qualifier-2025-boys-team,立教新座,17,False,finished,埼玉,472
kanto-kougoren-summer-qualifier-2025-boys-team,明大中野,18,False,finished,東京,477
kanto-kougoren-summer-qualifier-2025-boys-team,日大,19,False,finished,神奈川,477
kanto-kougoren-summer-qualifier-2025-boys-team,早稲田実業,20,False,finished,東京,478
kanto-kougoren-summer-qualifier-2025-boys-team,浜松日体,21,False,finished,静岡,484
kanto-kougoren-summer-qualifier-2025-boys-team,厚木北,22,False,finished,神奈川,487
kanto-kougoren-summer-qualifier-2025-boys-team,日大三島,23,False,finished,静岡,489
kanto-kougoren-summer-qualifier-2025-boys-team,慶應,24,False,finished,神奈川,499
kanto-kougoren-summer-qualifier-2025-boys-team,日体大荏原,25,False,finished,東京,510
kanto-kougoren-summer-qualifier-2025-boys-team,浜松学芸,26,False,finished,静岡,516
kanto-kougoren-summer-qualifier-2025-boys-team,高輪,27,False,finished,東京,521
kanto-kougoren-summer-qualifier-2025-boys-team,埼玉平成,28,False,finished,埼玉,526
kanto-kougoren-summer-qualifier-2025-boys-team,学習院,29,False,finished,東京,556
kanto-kougoren-summer-qualifier-2025-boys-team,足立学園,30,False,finished,東京,561
kanto-kougoren-summer-qualifier-2025-boys-team,浦和学院,31,False,finished,埼玉,565
kanto-kougoren-summer-qualifier-2025-boys-team,麻布,32,False,finished,東京,569
kanto-kougoren-summer-qualifier-2025-girls-team,埼玉栄,1,False,finished,埼玉,430
kanto-kougoren-summer-qualifier-2025-girls-team,拓大紅陵,2,False,finished,千葉,434
kanto-kougoren-summer-qualifier-2025-girls-team,ウェルネス,3,False,finished,茨城,439
kanto-kougoren-summer-qualifier-2025-girls-team,開志国際,4,False,finished,新潟,440
kanto-kougoren-summer-qualifier-2025-girls-team,明秀日立,5,False,finished,茨城,442
kanto-kougoren-summer-qualifier-2025-girls-team,日体大荏原,6,False,finished,東京,442
kanto-kougoren-summer-qualifier-2025-girls-team,ルネサンス,7,False,finished,茨城,445
kanto-kougoren-summer-qualifier-2025-girls-team,佐野日大,8,False,finished,栃木,449
kanto-kougoren-summer-qualifier-2025-girls-team,目黒日大,9,False,finished,東京,450
kanto-kougoren-summer-qualifier-2025-girls-team,千葉黎明,10,False,finished,千葉,453
kanto-kougoren-summer-qualifier-2025-girls-team,共立女子第二,11,False,finished,東京,468
kanto-kougoren-summer-qualifier-2025-girls-team,共愛学園,12,False,finished,群馬,491
kanto-kougoren-summer-qualifier-2025-girls-team,厚木北,13,False,finished,神奈川,506
kanto-kougoren-summer-qualifier-2025-girls-team,西武学園文理,14,False,finished,埼玉,511
kanto-kougoren-summer-qualifier-2025-girls-team,法政大学,15,False,finished,東京,530
kanto-kougoren-summer-qualifier-2025-girls-team,日大一,16,False,finished,東京,540
kanto-kougoren-summer-qualifier-2025-girls-team,杉並学院,17,False,finished,東京,542
kanto-kougoren-summer-qualifier-2025-girls-team,麗澤,18,False,finished,千葉,552
kanto-kougoren-summer-qualifier-2025-girls-team,湘南学院,19,False,finished,神奈川,557
kanto-kougoren-summer-qualifier-2025-girls-team,早稲田実業,20,False,finished,東京,558
kanto-kougoren-summer-qualifier-2025-girls-team,明大八王子高,21,False,finished,東京,596
kanto-kougoren-summer-qualifier-2025-girls-team,湘南工科大学附属,22,False,finished,神奈川,597
kanto-kougoren-summer-qualifier-2025-girls-team,日大櫻丘,23,False,finished,東京,640
kanto-kougoren-summer-qualifier-2025-girls-team,水戸啓明,,False,finished,茨城,
shikoku-kougoren-summer-qualifier-2025-boys-team,高知中央高,1,False,finished,高知,430
shikoku-kougoren-summer-qualifier-2025-boys-team,生光学園高,2,False,finished,徳島,440
shikoku-kougoren-summer-qualifier-2025-boys-team,明徳義塾高,3,False,finished,高知,443
shikoku-kougoren-summer-qualifier-2025-boys-team,四学香川西高,4,False,finished,香川,448
shikoku-kougoren-summer-qualifier-2025-boys-team,高松中央高,,False,finished,香川,
shikoku-kougoren-summer-qualifier-2025-girls-team,明徳義塾高,1,False,finished,高知,442
shikoku-kougoren-summer-qualifier-2025-girls-team,四学香川西高,2,False,finished,香川,448
shikoku-kougoren-summer-qualifier-2025-girls-team,生光学園高,3,False,finished,徳島,460
shikoku-kougoren-summer-qualifier-2025-girls-team,高知中央高,4,False,finished,高知,463
kokusupo-2023-boys-team,東京都,1,True,finished,東京都,426
kokusupo-2023-boys-team,神奈川県,1,True,finished,神奈川県,426
kokusupo-2023-boys-team,福岡県,3,False,finished,福岡県,427
kokusupo-2023-boys-team,埼玉県,4,False,finished,埼玉県,429
kokusupo-2023-boys-team,愛知県,5,False,finished,愛知県,433
kokusupo-2023-boys-team,茨城県,6,True,finished,茨城県,437
kokusupo-2023-boys-team,徳島県,6,True,finished,徳島県,437
kokusupo-2023-boys-team,岐阜県,8,False,finished,岐阜県,444
kokusupo-2023-boys-team,広島県,9,False,finished,広島県,445
kokusupo-2023-boys-team,鹿児島県,10,True,finished,鹿児島県,447
kokusupo-2023-boys-team,栃木県,10,True,finished,栃木県,447
kokusupo-2023-boys-team,山口県,12,False,finished,山口県,449
kokusupo-2023-boys-team,大阪府,13,False,finished,大阪府,450
kokusupo-2023-boys-team,新潟県,14,False,finished,新潟県,451
kokusupo-2023-boys-team,北海道,15,True,finished,北海道,452
kokusupo-2023-boys-team,宮城県,15,True,finished,宮城県,452
kokusupo-2023-boys-team,兵庫県,15,True,finished,兵庫県,452
kokusupo-2023-boys-team,福島県,18,True,finished,福島県,454
kokusupo-2023-boys-team,石川県,18,True,finished,石川県,454
kokusupo-2023-boys-team,長崎県,20,False,finished,長崎県,456
kokusupo-2023-boys-team,熊本県,21,False,finished,熊本県,458
kokusupo-2023-boys-team,山形県,22,True,finished,山形県,459
kokusupo-2023-boys-team,長野県,22,True,finished,長野県,459
kokusupo-2023-boys-team,沖縄県,24,False,finished,沖縄県,460
kokusupo-2023-boys-team,香川県,25,False,finished,香川県,465
kokusupo-2023-boys-team,和歌山県,26,False,finished,和歌山県,467
kokusupo-2023-boys-team,大分県,27,False,finished,大分県,486
kokusupo-2023-boys-team,岡山県,,False,dq,岡山県,
kokusupo-2024-boys-team,宮崎県,1,False,finished,宮崎県,423
kokusupo-2024-boys-team,千葉県,2,False,finished,千葉県,426
kokusupo-2024-boys-team,埼玉県,3,False,finished,埼玉県,429
kokusupo-2024-boys-team,愛知県,4,False,finished,愛知県,430
kokusupo-2024-boys-team,広島県,5,True,finished,広島県,431
kokusupo-2024-boys-team,高知県,5,True,finished,高知県,431
kokusupo-2024-boys-team,大阪府,7,False,finished,大阪府,432
kokusupo-2024-boys-team,兵庫県,8,False,finished,兵庫県,433
kokusupo-2024-boys-team,福井県,9,False,finished,福井県,434
kokusupo-2024-boys-team,茨城県,10,True,finished,茨城県,435
kokusupo-2024-boys-team,東京都,10,True,finished,東京都,435
kokusupo-2024-boys-team,栃木県,12,True,finished,栃木県,437
kokusupo-2024-boys-team,鹿児島県,12,True,finished,鹿児島県,437
kokusupo-2024-boys-team,沖縄県,12,True,finished,沖縄県,437
kokusupo-2024-boys-team,青森県,15,True,finished,青森県,440
kokusupo-2024-boys-team,三重県,15,True,finished,三重県,440
kokusupo-2024-boys-team,大分県,15,True,finished,大分県,440
kokusupo-2024-boys-team,香川県,18,False,finished,香川県,441
kokusupo-2024-boys-team,奈良県,19,False,finished,奈良県,442
kokusupo-2024-boys-team,新潟県,20,False,finished,新潟県,447
kokusupo-2024-boys-team,岡山県,21,False,finished,岡山県,448
kokusupo-2024-boys-team,福岡県,22,False,finished,福岡県,451
kokusupo-2024-boys-team,福島県,23,True,finished,福島県,453
kokusupo-2024-boys-team,長野県,23,True,finished,長野県,453
kokusupo-2024-boys-team,宮城県,25,False,finished,宮城県,457
kokusupo-2024-boys-team,北海道,26,False,finished,北海道,471
kokusupo-2024-boys-team,島根県,27,False,finished,島根県,472
kokusupo-2024-boys-team,佐賀県,28,False,finished,佐賀県,482
kokusupo-2025-boys-team,栃木県,1,False,finished,栃木県,411
kokusupo-2025-boys-team,広島県,2,False,finished,広島県,414
kokusupo-2025-boys-team,福岡県,3,False,finished,福岡県,419
kokusupo-2025-boys-team,兵庫県,4,False,finished,兵庫県,420
kokusupo-2025-boys-team,東京都,5,True,finished,東京都,422
kokusupo-2025-boys-team,福井県,5,True,finished,福井県,422
kokusupo-2025-boys-team,千葉県,5,True,finished,千葉県,422
kokusupo-2025-boys-team,高知県,8,False,finished,高知県,425
kokusupo-2025-boys-team,香川県,9,False,finished,香川県,427
kokusupo-2025-boys-team,沖縄県,10,False,finished,沖縄県,431
kokusupo-2025-boys-team,宮崎県,11,False,finished,宮崎県,433
kokusupo-2025-boys-team,愛知県,12,False,finished,愛知県,434
kokusupo-2025-boys-team,奈良県,13,False,finished,奈良県,435
kokusupo-2025-boys-team,埼玉県,14,True,finished,埼玉県,436
kokusupo-2025-boys-team,大分県,14,True,finished,大分県,436
kokusupo-2025-boys-team,三重県,16,False,finished,三重県,440
kokusupo-2025-boys-team,宮城県,17,True,finished,宮城県,443
kokusupo-2025-boys-team,長野県,17,True,finished,長野県,443
kokusupo-2025-boys-team,北海道,17,True,finished,北海道,443
kokusupo-2025-boys-team,熊本県,20,True,finished,熊本県,447
kokusupo-2025-boys-team,大阪府,20,True,finished,大阪府,447
kokusupo-2025-boys-team,青森県,22,False,finished,青森県,451
kokusupo-2025-boys-team,岡山県,23,False,finished,岡山県,452
kokusupo-2025-boys-team,茨城県,24,False,finished,茨城県,460
kokusupo-2025-boys-team,福島県,25,True,finished,福島県,463
kokusupo-2025-boys-team,滋賀県,25,True,finished,滋賀県,463
kokusupo-2025-boys-team,新潟県,27,False,finished,新潟県,473
kokusupo-2025-boys-team,山口県,28,False,finished,山口県,477
kokusupo-2026-boys-team,広島県,1,False,finished,広島県,207
kokusupo-2026-boys-team,埼玉県,2,True,finished,埼玉県,211
kokusupo-2026-boys-team,福岡県,2,True,finished,福岡県,211
kokusupo-2026-boys-team,沖縄県,4,False,finished,沖縄県,213
kokusupo-2026-boys-team,千葉県,5,False,finished,千葉県,214
kokusupo-2026-boys-team,福井県,6,False,finished,福井県,215
kokusupo-2026-boys-team,兵庫県,7,False,finished,兵庫県,218
kokusupo-2026-boys-team,宮崎県,8,False,finished,宮崎県,220
kokusupo-2026-boys-team,奈良県,9,True,finished,奈良県,223
kokusupo-2026-boys-team,鹿児島県,9,True,finished,鹿児島県,223
kokusupo-2026-boys-team,神奈川県,11,True,finished,神奈川県,225
kokusupo-2026-boys-team,愛知県,11,True,finished,愛知県,225
kokusupo-2026-boys-team,大阪府,11,True,finished,大阪府,225
kokusupo-2026-boys-team,東京都,14,False,finished,東京都,226
kokusupo-2026-boys-team,岐阜県,15,False,finished,岐阜県,227
kokusupo-2026-boys-team,岡山県,16,False,finished,岡山県,228
kokusupo-2026-boys-team,新潟県,17,True,finished,新潟県,229
kokusupo-2026-boys-team,高知県,17,True,finished,高知県,229
kokusupo-2026-boys-team,青森県,19,False,finished,青森県,231
kokusupo-2026-boys-team,山口県,20,False,finished,山口県,232
kokusupo-2026-boys-team,宮城県,21,True,finished,宮城県,233
kokusupo-2026-boys-team,福島県,21,True,finished,福島県,233
kokusupo-2026-boys-team,北海道,23,False,finished,北海道,234
kokusupo-2026-boys-team,大分県,24,False,finished,大分県,235
kokusupo-2026-boys-team,栃木県,25,False,finished,栃木県,238
kokusupo-2026-boys-team,長野県,26,True,finished,長野県,245
kokusupo-2026-boys-team,徳島県,26,True,finished,徳島県,245
kokusupo-2026-boys-team,秋田県,28,False,finished,秋田県,261
