tournament_key,name_ja,name_en,organizer,level,gender,course_key,start_date,end_date,source_url,season_year,region,format,venue_ja,par,yardage,result_pdf_urls,complete,row_count,reuse_status,reuse_note
jga-junior-2023-boys-15-17,2023年度(第28回)日本ジュニアゴルフ選手権競技 男子15歳～17歳の部,"2023 Japan Junior Golf Championship, Boys Ages 15-17",日本ゴルフ協会,national,male,kasumigaseki-east,2023-08-16,2023-08-18,https://www.jga.or.jp/jga/jsp/2023/04-0/fullreaderboard3.html,2023,,individual,霞ヶ関カンツリー倶楽部 東コース,71,7361,,True,128,check,利用規約未確認。2024年以降の成績は Golf Genius 上で公開
jga-junior-2023-girls-15-17,2023年度(第28回)日本ジュニアゴルフ選手権競技 女子15歳～17歳の部,"2023 Japan Junior Golf Championship, Girls Ages 15-17",日本ゴルフ協会,national,female,kasumigaseki-west,2023-08-16,2023-08-18,https://www.jga.or.jp/jga/jsp/2023/04-2/fullreaderboard3.html,2023,,individual,霞ヶ関カンツリー倶楽部 西コース,73,6638,,True,131,check,利用規約未確認。2024年以降の成績は Golf Genius 上で公開
jga-junior-2024-boys-15-17,2024年度（第29回）日本ジュニアゴルフ選手権競技 男子15歳～17歳の部,"2024 Japan Junior Golf Championship, Boys Ages 15-17",日本ゴルフ協会,national,male,kasumigaseki-west,2024-08-14,2024-08-15,https://www.golfgenius.com/v2tournaments/10800594096985524754?called_from=widgets%2Ftournament_results&player_stats_for_portal=true&round_index=2,2024,,individual,霞ヶ関カンツリー倶楽部 西コース,70,7008,,True,128,check,利用規約未確認。2024年以降の成績は Golf Genius 上で公開
jga-junior-2024-girls-15-17,2024年度（第29回）日本ジュニアゴルフ選手権競技 女子15歳～17歳の部,"2024 Japan Junior Golf Championship, Girls Ages 15-17",日本ゴルフ協会,national,female,kasumigaseki-east,2024-08-14,2024-08-15,https://www.golfgenius.com/v2tournaments/10800623728635988502?called_from=widgets%2Ftournament_results&player_stats_for_portal=true&round_index=2,2024,,individual,霞ヶ関カンツリー倶楽部 東コース,71,6486,,True,128,check,利用規約未確認。2024年以降の成績は Golf Genius 上で公開
jga-junior-2025-boys-15-17,第69回 日本ジュニアゴルフ選手権競技 Presented by Sky 男子15～17歳の部,"2025 Japan Junior Golf Championship, Boys Ages 15-17",日本ゴルフ協会,national,male,kasumigaseki-east,2025-08-20,2025-08-22,https://www.golfgenius.com/v2tournaments/11856841628419410896?called_from=widgets%2Ftournament_results&player_stats_for_portal=true&round_index=3,2025,,individual,霞ヶ関カンツリー倶楽部 東コース,71,7443,,False,140,check,利用規約未確認。2024年以降の成績は Golf Genius 上で公開
jga-junior-2025-girls-15-17,第69回 日本ジュニアゴルフ選手権競技 Presented by Sky 女子15～17歳の部,"2025 Japan Junior Golf Championship, Girls Ages 15-17",日本ゴルフ協会,national,female,kasumigaseki-west,2025-08-20,2025-08-22,https://www.golfgenius.com/v2tournaments/11856836578007632842?called_from=widgets%2Ftournament_results&player_stats_for_portal=true&round_index=3,2025,,individual,霞ヶ関カンツリー倶楽部 西コース,73,6620,,True,139,check,利用規約未確認。2024年以降の成績は Golf Genius 上で公開
kougoren-spring-2023-boys-individual,2023年度 文部科学大臣楯争奪 第44回 全国高等学校ゴルフ選手権春季大会 男子個人の部,2024 All-Japan High School Golf Championship Spring Tournament (Boys Individual),日本高等学校・中学校ゴルフ連盟,national,male,olympic-gc,2024-03-20,2024-03-22,https://nihon-kougoren.jp/sprcmp/5629/,2023,,individual,オリムピックゴルフ倶楽部,72,7175,https://nihon-kougoren.jp/kougoren/wp-content/uploads/2023/04/82bb24b10b4841374d571340cd860922.pdf https://nihon-kougoren.jp/kougoren/wp-content/uploads/2023/04/a35976751315adde8564a533dd2976b9.pdf https://nihon-kougoren.jp/kougoren/wp-content/uploads/2023/04/9ef86e84c4b36247a23b9c7e32d4dccb.pdf,True,142,check,利用規約ページ未確認 (robots.txt は wp-admin のみ不許可)
kougoren-spring-2023-girls-individual,2023年度 文部科学大臣楯争奪 第44回 全国高等学校ゴルフ選手権春季大会 女子個人の部,2024 All-Japan High School Golf Championship Spring Tournament (Girls Individual),日本高等学校・中学校ゴルフ連盟,national,female,cherry-hills-gc,2024-03-20,2024-03-22,https://nihon-kougoren.jp/sprcmp/5629/,2023,,individual,チェリーヒルズゴルフクラブ,72,6390,https://nihon-kougoren.jp/kougoren/wp-content/uploads/2023/04/ba52af0782f554f5da40a8f201df1cdc.pdf https://nihon-kougoren.jp/kougoren/wp-content/uploads/2023/04/7e37faaf92beb061b8124de9d063573f.pdf https://nihon-kougoren.jp/kougoren/wp-content/uploads/2023/04/5e07ecc151c92f9cba0697afd9c09ea1.pdf,True,142,check,利用規約ページ未確認 (robots.txt は wp-admin のみ不許可)
kougoren-spring-2024-boys-individual,2024年度 全国高等学校ゴルフ選手権春季大会 文部科学大臣楯争奪 第45回 男子個人の部,2025 All-Japan High School Golf Championship Spring Tournament (Boys Individual),日本高等学校・中学校ゴルフ連盟,national,male,olympic-gc,2025-03-19,2025-03-21,https://nihon-kougoren.jp/sprcmp/6304/,2024,,individual,オリムピックゴルフ倶楽部,72,7175,https://nihon-kougoren.jp/kougoren/wp-content/uploads/2024/04/b7c092c29195f91ea1d7af33c9d0abb9.pdf https://nihon-kougoren.jp/kougoren/wp-content/uploads/2024/04/cb5bce94ae922f63842a68b7a9dc5702.pdf https://nihon-kougoren.jp/kougoren/wp-content/uploads/2024/04/3a6082fc358dd2f1cc9fa1f0da757a4f.pdf,True,142,check,利用規約ページ未確認 (robots.txt は wp-admin のみ不許可)
kougoren-spring-2024-girls-individual,2024年度 全国高等学校ゴルフ選手権春季大会 文部科学大臣楯争奪 第45回 女子個人の部,2025 All-Japan High School Golf Championship Spring Tournament (Girls Individual),日本高等学校・中学校ゴルフ連盟,national,female,cherry-hills-gc,2025-03-19,2025-03-21,https://nihon-kougoren.jp/sprcmp/6304/,2024,,individual,チェリーヒルズゴルフクラブ,72,6328,https://nihon-kougoren.jp/kougoren/wp-content/uploads/2024/04/a4b93643caaf025395792b03373c2760.pdf https://nihon-kougoren.jp/kougoren/wp-content/uploads/2024/04/6989ff88129fb44aff1963dc9630b914.pdf https://nihon-kougoren.jp/kougoren/wp-content/uploads/2024/04/cf93395ab121525a9c88e8e2335fa5c3.pdf,True,143,check,利用規約ページ未確認 (robots.txt は wp-admin のみ不許可)
kougoren-spring-2025-boys-individual,2025年度 文部科学大臣楯争奪(第46回) 全国高等学校ゴルフ選手権春季大会 男子の部,2026 All-Japan High School Golf Championship Spring Tournament (Boys Individual),日本高等学校・中学校ゴルフ連盟,national,male,olympic-gc,2026-03-18,2026-03-20,https://nihon-kougoren.jp/sprcmp/6752/,2025,,individual,オリムピックゴルフ倶楽部,72,7175,https://nihon-kougoren.jp/kougoren/wp-content/uploads/2025/04/7c80c46cda32d9a3af5f9ec8d6b284d3.pdf https://nihon-kougoren.jp/kougoren/wp-content/uploads/2025/04/f5884ae6d6ea940eacb9d3422aed2e08.pdf https://nihon-kougoren.jp/kougoren/wp-content/uploads/2025/04/8d0f44da71ac7775520ce6406e3268ea.pdf,True,141,check,利用規約ページ未確認 (robots.txt は wp-admin のみ不許可)
kougoren-spring-2025-girls-individual,2025年度 文部科学大臣楯争奪(第46回) 全国高等学校ゴルフ選手権春季大会 女子の部,2026 All-Japan High School Golf Championship Spring Tournament (Girls Individual),日本高等学校・中学校ゴルフ連盟,national,female,cherry-hills-gc,2026-03-18,2026-03-20,https://nihon-kougoren.jp/sprcmp/6752/,2025,,individual,チェリーヒルズゴルフクラブ,72,6357,https://nihon-kougoren.jp/kougoren/wp-content/uploads/2025/04/13cc10bd0be156dbb390b52ce3332ece.pdf https://nihon-kougoren.jp/kougoren/wp-content/uploads/2025/04/a4c06ff2a2e79b0bd3a32fa53ee23e74.pdf https://nihon-kougoren.jp/kougoren/wp-content/uploads/2025/04/be3f9e054a05103328d99290c01c56a7.pdf,True,140,check,利用規約ページ未確認 (robots.txt は wp-admin のみ不許可)
kougoren-summer-2023-boys-individual,2023年度 全国高等学校ゴルフ選手権大会 第67回男子個人の部,2023 All-Japan High School Golf Championship (Boys Individual),日本高等学校・中学校ゴルフ連盟,national,male,sunhills-west,,2023-08-09,https://nihon-kougoren.jp/smrcmp/5521/,2023,,individual,サンヒルズカントリークラブ ウエストコース,72,6891,https://nihon-kougoren.jp/kougoren/wp-content/uploads/2023/02/e1c6bd3ed81321c0457361301a233408.pdf https://nihon-kougoren.jp/kougoren/wp-content/uploads/2023/02/77da1386a4894f9a013b4449ef1b3ff0.pdf,True,139,check,利用規約ページ未確認 (robots.txt は wp-admin のみ不許可)
kougoren-summer-2023-boys-team,2023年度 全国高等学校ゴルフ選手権大会 文部科学大臣旗争奪 第44回男子団体の部,2023 All-Japan High School Golf Championship (Boys Team),日本高等学校・中学校ゴルフ連盟,national,male,sunhills-west,2023-08-05,2023-08-06,https://nihon-kougoren.jp/smrcmp/5521/,2023,,team,サンヒルズカントリークラブ ウエストコース,72,6891,https://nihon-kougoren.jp/kougoren/wp-content/uploads/2023/02/1fceb84561ee7c343a8fedb735ef0670.pdf https://nihon-kougoren.jp/kougoren/wp-content/uploads/2023/02/9e9ae5fcef692722734b1a6921bb0c2d.pdf,True,36,check,利用規約ページ未確認 (robots.txt は wp-admin のみ不許可)
kougoren-summer-2023-girls-individual,2023年度 全国高等学校ゴルフ選手権大会 第67回女子個人の部,2023 All-Japan High School Golf Championship (Girls Individual),日本高等学校・中学校ゴルフ連盟,national,female,sunhills-east,,2023-08-09,https://nihon-kougoren.jp/smrcmp/5521/,2023,,individual,サンヒルズカントリークラブ イーストコース,72,6241,https://nihon-kougoren.jp/kougoren/wp-content/uploads/2023/02/68ff5ae1c645d38602c38b724dc6b2a5.pdf https://nihon-kougoren.jp/kougoren/wp-content/uploads/2023/02/922524144121a977ff4324cfba61438a.pdf,True,139,check,利用規約ページ未確認 (robots.txt は wp-admin のみ不許可)
kougoren-summer-2023-girls-team,2023年度 全国高等学校ゴルフ選手権大会 文部科学大臣旗争奪 第44回女子団体の部,2023 All-Japan High School Golf Championship (Girls Team),日本高等学校・中学校ゴルフ連盟,national,female,sunhills-east,2023-08-05,2023-08-06,https://nihon-kougoren.jp/smrcmp/5521/,2023,,team,サンヒルズカントリークラブ イーストコース,72,6241,https://nihon-kougoren.jp/kougoren/wp-content/uploads/2023/02/f728e08bc1c6255a485ba11588622eee.pdf https://nihon-kougoren.jp/kougoren/wp-content/uploads/2023/02/76db7fd74fea7005e716619039129087.pdf,True,36,check,利用規約ページ未確認 (robots.txt は wp-admin のみ不許可)
kougoren-summer-2024-boys-individual,2024年度 全国高等学校ゴルフ選手権大会 文部科学大臣杯争奪 第68回男子個人の部,2024 All-Japan High School Golf Championship (Boys Individual),日本高等学校・中学校ゴルフ連盟,national,male,sunhills-west,,2024-08-09,https://nihon-kougoren.jp/smrcmp/6203/,2024,,individual,サンヒルズカントリークラブ ウエストコース,72,6891,https://nihon-kougoren.jp/kougoren/wp-content/uploads/2024/02/bb768b2a664cf37ca65555a4bb1aca3e.pdf https://nihon-kougoren.jp/kougoren/wp-content/uploads/2024/02/59467c2f8b5fd4e8e653c211abf2af08.pdf,True,139,check,利用規約ページ未確認 (robots.txt は wp-admin のみ不許可)
kougoren-summer-2024-boys-team,2024年度 全国高等学校ゴルフ選手権大会 文部科学大臣旗争奪 第45回男子団体の部,2024 All-Japan High School Golf Championship (Boys Team),日本高等学校・中学校ゴルフ連盟,national,male,sunhills-west,2024-08-05,2024-08-06,https://nihon-kougoren.jp/smrcmp/6203/,2024,,team,サンヒルズカントリークラブ ウエストコース,72,6891,https://nihon-kougoren.jp/kougoren/wp-content/uploads/2024/02/4df01e36c8648e23ada0c97bd2d17265.pdf https://nihon-kougoren.jp/kougoren/wp-content/uploads/2024/02/7440c4a2b08273d00211f25a239be59a.pdf,True,37,check,利用規約ページ未確認 (robots.txt は wp-admin のみ不許可)
kougoren-summer-2024-girls-individual,2024年度 全国高等学校ゴルフ選手権大会 文部科学大臣杯争奪 第68回女子個人の部,2024 All-Japan High School Golf Championship (Girls Individual),日本高等学校・中学校ゴルフ連盟,national,female,sunhills-east,,2024-08-09,https://nihon-kougoren.jp/smrcmp/6203/,2024,,individual,サンヒルズカントリークラブ イーストコース,72,6241,https://nihon-kougoren.jp/kougoren/wp-content/uploads/2024/02/ef91cf413568be98e348aecb47b5a479.pdf https://nihon-kougoren.jp/kougoren/wp-content/uploads/2024/02/c0259259ca141de73a65877677cf8a1e.pdf,True,139,check,利用規約ページ未確認 (robots.txt は wp-admin のみ不許可)
kougoren-summer-2024-girls-team,2024年度 全国高等学校ゴルフ選手権大会 文部科学大臣旗争奪 第45回女子団体の部,2024 All-Japan High School Golf Championship (Girls Team),日本高等学校・中学校ゴルフ連盟,national,female,sunhills-east,2024-08-05,2024-08-06,https://nihon-kougoren.jp/smrcmp/6203/,2024,,team,サンヒルズカントリークラブ イーストコース,72,6241,https://nihon-kougoren.jp/kougoren/wp-content/uploads/2024/02/6fc197e0c71da3edd0f0f57425fcbfa1.pdf https://nihon-kougoren.jp/kougoren/wp-content/uploads/2024/02/e8c29738978409b9c4ac5e988f8e4d22.pdf,True,37,check,利用規約ページ未確認 (robots.txt は wp-admin のみ不許可)
kougoren-summer-2025-boys-team,Sky presents 2025年度 全国高等学校ゴルフ選手権大会 文部科学大臣旗争奪 第46回男子団体の部,2025 All-Japan High School Golf Championship (Boys Team),日本高等学校・中学校ゴルフ連盟,national,male,sunhills-west,2025-08-27,2025-08-29,https://nihon-kougoren.jp/smrcmp/6745/,2025,,team,サンヒルズカントリークラブ ウエストコース,72,6891,https://nihon-kougoren.jp/kougoren/wp-content/uploads/2025/02/b89b382c8fa8128ba09be36e3f989559.pdf https://nihon-kougoren.jp/kougoren/wp-content/uploads/2025/02/11083e44105123855a292de0ad8fd018.pdf https://nihon-kougoren.jp/kougoren/wp-content/uploads/2025/02/e27435e7390ff7599080dd60bc0d41f8.pdf,True,36,check,利用規約ページ未確認 (robots.txt は wp-admin のみ不許可)
kougoren-summer-2025-girls-team,Sky presents 2025年度 全国高等学校ゴルフ選手権大会 文部科学大臣旗争奪 第46回女子団体の部,2025 All-Japan High School Golf Championship (Girls Team),日本高等学校・中学校ゴルフ連盟,national,female,sunhills-east,2025-08-27,2025-08-29,https://nihon-kougoren.jp/smrcmp/6745/,2025,,team,サンヒルズカントリークラブ イーストコース,72,6241,https://nihon-kougoren.jp/kougoren/wp-content/uploads/2025/02/89d5b84610fd72b959c96e28435c4d2c.pdf https://nihon-kougoren.jp/kougoren/wp-content/uploads/2025/02/22ad6e1295ce1d7b64157913b6a5b385.pdf https://nihon-kougoren.jp/kougoren/wp-content/uploads/2025/02/574cd90cf5df4fdbd251f079c195cea5.pdf,True,34,check,利用規約ページ未確認 (robots.txt は wp-admin のみ不許可)
kougoren-summer-2026-boys-team,Sky presents 2026年度 文部科学大臣旗争奪（第47回男子）全国高等学校ゴルフ選手権大会,2026 All-Japan High School Golf Championship (Boys Team),日本高等学校・中学校ゴルフ連盟,national,male,sunhills-west,2026-08-26,2026-08-28,https://nihon-kougoren.jp/smrcmp/7305/,2026,,team,サンヒルズカントリークラブ ウエストコース,72,6891,https://nihon-kougoren.jp/kougoren/wp-content/uploads/2026/02/1a38fa41820282c60beec35bfc5803d6.pdf https://nihon-kougoren.jp/kougoren/wp-content/uploads/2026/02/ea8e5aed547361cfbd3d7f045c83f8a5.pdf https://nihon-kougoren.jp/kougoren/wp-content/uploads/2026/02/95a2f32fbf4c7cbd93cadcf8f056774e.pdf,True,35,check,利用規約ページ未確認 (robots.txt は wp-admin のみ不許可)
kougoren-summer-2026-girls-team,Sky presents 2026年度 文部科学大臣旗争奪（第47回女子）全国高等学校ゴルフ選手権大会,2026 All-Japan High School Golf Championship (Girls Team),日本高等学校・中学校ゴルフ連盟,national,female,sunhills-east,2026-08-26,2026-08-28,https://nihon-kougoren.jp/smrcmp/7305/,2026,,team,サンヒルズカントリークラブ イーストコース,72,6241,https://nihon-kougoren.jp/kougoren/wp-content/uploads/2026/02/cadcd4f347e01a30556c79b96d231a1c.pdf https://nihon-kougoren.jp/kougoren/wp-content/uploads/2026/02/df535c17366338518f58f9fcc5f575d2.pdf https://nihon-kougoren.jp/kougoren/wp-content/uploads/2026/02/b8329a5180e5731050b3f73327bf6d66-1.pdf,True,36,check,利用規約ページ未確認 (robots.txt は wp-admin のみ不許可)
chubu-kougoren-summer-qualifier-2025-boys-individual,文部科学大臣旗争奪 第46回 全国高等学校ゴルフ選手権団体の部中部地区予選 兼 第48回 中部高等学校ゴルフ対抗戦（個人成績）,2025 Chubu High School Golf Championship (Boys Individual; national qualifier),中部高等学校・中学校ゴルフ連盟,regional,male,kureha-cc-tateyama,2025-06-05,2025-06-06,https://chsga.info/result_2025.html,2025,chubu,individual,呉羽カントリークラブ 立山コース,70,6620,https://chsga.info/document/2025_chubudantai_Result03.pdf,True,46,check,フッターに著作権表示のみ。明示的な再利用条件なし
chubu-kougoren-summer-qualifier-2025-boys-team,文部科学大臣旗争奪 第46回 全国高等学校ゴルフ選手権団体の部中部地区予選 兼 第48回 中部高等学校ゴルフ対抗戦,2025 Chubu High School Golf Championship (Boys Team; national qualifier),中部高等学校・中学校ゴルフ連盟,regional,male,kureha-cc-tateyama,2025-06-05,2025-06-06,https://chsga.info/result_2025.html,2025,chubu,team,呉羽カントリークラブ 立山コース,70,6620,https://chsga.info/document/2025_chubudantai_Result02.pdf,True,12,check,フッターに著作権表示のみ。明示的な再利用条件なし
chubu-kougoren-summer-qualifier-2025-girls-individual,文部科学大臣旗争奪 第46回 全国高等学校ゴルフ選手権団体の部中部地区予選 兼 第48回 中部高等学校ゴルフ対抗戦（個人成績）,2025 Chubu High School Golf Championship (Girls Individual; national qualifier),中部高等学校・中学校ゴルフ連盟,regional,female,kureha-cc-tateyama,2025-06-05,2025-06-06,https://chsga.info/result_2025.html,2025,chubu,individual,呉羽カントリークラブ 立山コース,71,6128,https://chsga.info/document/2025_chubudantai_Result03.pdf,True,39,check,フッターに著作権表示のみ。明示的な再利用条件なし
chubu-kougoren-summer-qualifier-2025-girls-team,文部科学大臣旗争奪 第46回 全国高等学校ゴルフ選手権団体の部中部地区予選 兼 第48回 中部高等学校ゴルフ対抗戦,2025 Chubu High School Golf Championship (Girls Team; national qualifier),中部高等学校・中学校ゴルフ連盟,regional,female,kureha-cc-tateyama,2025-06-05,2025-06-06,https://chsga.info/result_2025.html,2025,chubu,team,呉羽カントリークラブ 立山コース,71,6128,https://chsga.info/document/2025_chubudantai_Result02.pdf,True,11,check,フッターに著作権表示のみ。明示的な再利用条件なし
chugoku-kougoren-summer-qualifier-2025-boys-team,第42回 中国高等学校ゴルフ選手権大会(団体の部),2025 Chugoku High School Golf Championship (Boys Team; national qualifier),中国高等学校・中学校ゴルフ連盟,regional,male,kamo-cc,2025-07-15,2025-07-16,https://chsga.jp/c_list.php?y=2025,2025,chugoku,team,賀茂カントリークラブ,72,7212,https://chsga.jp/pdf/t20250814-151314-9.pdf,False,6,check,利用条件の記載なし
chugoku-kougoren-summer-qualifier-2025-girls-team,第42回 中国高等学校ゴルフ選手権大会(団体の部),2025 Chugoku High School Golf Championship (Girls Team; national qualifier),中国高等学校・中学校ゴルフ連盟,regional,female,kamo-cc,2025-07-15,2025-07-16,https://chsga.jp/c_list.php?y=2025,2025,chugoku,team,賀茂カントリークラブ,72,6301,https://chsga.jp/pdf/t20250814-151314-9.pdf,True,6,check,利用条件の記載なし
kanto-kougoren-summer-qualifier-2025-boys-individual,関東高等学校ゴルフ選手権 夏季大会 男子個人の部,"2025 Kanto High School Golf Championship, Summer (Boys Individual; national qualifier)",関東高等学校・中学校ゴルフ連盟,regional,male,karuizawa72-east-iriyama,2025-07-08,2025-07-09,https://www.k-hga.jp/competition/past/kanto.html,2025,kanto,individual,軽井沢72ゴルフ 東・入山コース,70,6760,https://www.k-hga.jp/file/20250708_result_m.pdf https://www.k-hga.jp/file/20250709_result_m.pdf,True,143,restricted,関東高等学校・中学校ゴルフ連盟の利用規約: 私的使用を超える複製・転用・公衆送信は同連盟の承諾が必要 (https://www.k-hga.jp/)
kanto-kougoren-summer-qualifier-2025-boys-team,関東高等学校ゴルフ選手権夏季大会 男子団体の部（全国大会予選）,"2025 Kanto High School Golf Championship, Summer (Boys Team; national qualifier)",関東高等学校・中学校ゴルフ連盟,regional,male,nasunogahara-cc,2025-06-10,2025-06-11,https://www.k-hga.jp/competition/past/kanto.html,2025,kanto,team,那須野ヶ原カントリークラブ,72,6747,https://www.k-hga.jp/file/20250610_result_m.pdf https://www.k-hga.jp/file/20250611_result_m.pdf,True,32,restricted,関東高等学校・中学校ゴルフ連盟の利用規約: 私的使用を超える複製・転用・公衆送信は同連盟の承諾が必要 (https://www.k-hga.jp/)
kanto-kougoren-summer-qualifier-2025-girls-individual,関東高等学校ゴルフ選手権 夏季大会 女子個人の部,"2025 Kanto High School Golf Championship, Summer (Girls Individual; national qualifier)",関東高等学校・中学校ゴルフ連盟,regional,female,karuizawa72-east-oshitate,2025-07-08,2025-07-09,https://www.k-hga.jp/competition/past/kanto.html,2025,kanto,individual,軽井沢72ゴルフ 東・押立コース,72,6384,https://www.k-hga.jp/file/20250708_result_w.pdf https://www.k-hga.jp/file/20250709_result_w.pdf,False,142,restricted,関東高等学校・中学校ゴルフ連盟の利用規約: 私的使用を超える複製・転用・公衆送信は同連盟の承諾が必要 (https://www.k-hga.jp/)
kanto-kougoren-summer-qualifier-2025-girls-team,関東高等学校ゴルフ選手権夏季大会 女子団体の部（全国大会予選）,"2025 Kanto High School Golf Championship, Summer (Girls Team; national qualifier)",関東高等学校・中学校ゴルフ連盟,regional,female,sennari-gc,2025-06-10,2025-06-11,https://www.k-hga.jp/competition/past/kanto.html,2025,kanto,team,千成ゴルフクラブ,72,6143,https://www.k-hga.jp/file/20250610_result_w.pdf https://www.k-hga.jp/file/20250611_result_w.pdf,True,24,restricted,関東高等学校・中学校ゴルフ連盟の利用規約: 私的使用を超える複製・転用・公衆送信は同連盟の承諾が必要 (https://www.k-hga.jp/)
shikoku-kougoren-summer-championship-2025-boys-individual,令和7年度 四国高等学校・中学校ゴルフ選手権大会（高校の部）,2025 Shikoku High School Golf Championship (Boys Individual),四国高等学校・中学校ゴルフ連盟・四国ゴルフ連盟,regional,male,hojo-cc,2025-07-23,2025-07-24,http://www.shsga.jp/kyouginaiyou.html,2025,shikoku,individual,北条カントリー倶楽部,72,6903,https://shsga.jp/pdf/2025/R7natu.pdf,True,40,check,利用条件未確認
shikoku-kougoren-summer-championship-2025-girls-individual,令和7年度 四国高等学校・中学校ゴルフ選手権大会（高校の部）,2025 Shikoku High School Golf Championship (Girls Individual),四国高等学校・中学校ゴルフ連盟・四国ゴルフ連盟,regional,female,hojo-cc,2025-07-23,2025-07-24,http://www.shsga.jp/kyouginaiyou.html,2025,shikoku,individual,北条カントリー倶楽部,72,6110,https://shsga.jp/pdf/2025/R7natu.pdf,True,24,check,利用条件未確認
shikoku-kougoren-summer-qualifier-2025-boys-team,令和７年度四国高等学校ゴルフ選手権大会 団体の部 兼 2025年度全国高等学校ゴルフ選手権大会 文部科学大臣旗争奪 第46回高校団体の部四国予選,2025 Shikoku High School Golf Championship (Boys Team; national qualifier),四国高等学校・中学校ゴルフ連盟,regional,male,matsuyama-seaside-cc,2025-06-08,2025-06-09,http://www.shsga.jp/kyouginaiyou.html,2025,shikoku,team,松山シーサイドカントリークラブ,72,6971,https://shsga.jp/pdf/2025/R7dantai.pdf,False,5,check,利用条件未確認
shikoku-kougoren-summer-qualifier-2025-girls-team,令和７年度四国高等学校ゴルフ選手権大会 団体の部 兼 2025年度全国高等学校ゴルフ選手権大会 文部科学大臣旗争奪 第46回高校団体の部四国予選,2025 Shikoku High School Golf Championship (Girls Team; national qualifier),四国高等学校・中学校ゴルフ連盟,regional,female,matsuyama-seaside-cc,2025-06-08,2025-06-09,http://www.shsga.jp/kyouginaiyou.html,2025,shikoku,team,松山シーサイドカントリークラブ,72,6369,https://shsga.jp/pdf/2025/R7dantai.pdf,False,4,check,利用条件未確認
jga-junior-2026-boys-15-17,第70回 日本ジュニアゴルフ選手権競技 Presented by Sky 男子15～17歳の部,"2026 Japan Junior Golf Championship, Boys Ages 15-17",日本ゴルフ協会,national,male,kasumigaseki-east,2026-08-19,2026-08-21,https://www.jga.or.jp/championship/2026/04-0/fullleaderboard.php,2026,,individual,霞ヶ関カンツリー倶楽部 東コース,71,7443,,False,122,check,利用規約未確認。2024年以降の成績は Golf Genius 上で公開
jga-junior-2026-girls-15-17,第70回 日本ジュニアゴルフ選手権競技 Presented by Sky 女子15～17歳の部,"2026 Japan Junior Golf Championship, Girls Ages 15-17",日本ゴルフ協会,national,female,kuni-cc-east-north,2026-08-19,2026-08-21,https://www.jga.or.jp/championship/2026/04-2/fullleaderboard.php,2026,,individual,久邇カントリークラブ 東・北コース,72,,,False,120,check,利用規約未確認。2024年以降の成績は Golf Genius 上で公開
kokusupo-2023-boys-individual,特別国民体育大会（燃ゆる感動かごしま国体2023）ゴルフ競技 少年男子個人,"2023 National Sports Festival of Japan, Golf, Youth Boys Individual",日本スポーツ協会・文部科学省・開催県（ゴルフ競技: 日本ゴルフ協会）,national,male,mizobe-cc,2023-09-21,2023-09-22,https://kirokukensaku.net/5NS23/detail_20230922_42034010020.html,2023,,individual,溝辺カントリークラブ,,,,True,84,check,記録検索システム (共同通信デジタル) に All Rights Reserved 表記。個別の再利用条件は未確認
kokusupo-2023-boys-team,特別国民体育大会（燃ゆる感動かごしま国体2023）ゴルフ競技 少年男子団体,"2023 National Sports Festival of Japan, Golf, Youth Boys Team",日本スポーツ協会・文部科学省・開催県（ゴルフ競技: 日本ゴルフ協会）,national,male,mizobe-cc,2023-09-21,2023-09-22,https://kirokukensaku.net/5NS23/detail_20230922_42034010010.html,2023,,team,溝辺カントリークラブ,,,,True,28,check,記録検索システム (共同通信デジタル) に All Rights Reserved 表記。個別の再利用条件は未確認
kokusupo-2024-boys-individual,第78回国民スポーツ大会（SAGA2024）ゴルフ競技 少年男子個人,"2024 National Sports Festival of Japan, Golf, Youth Boys Individual",日本スポーツ協会・文部科学省・開催県（ゴルフ競技: 日本ゴルフ協会）,national,male,takeo-gc,2024-10-06,2024-10-07,https://kirokukensaku.net/5NS24/detail_20241007_42034010020.html,2024,,individual,武雄ゴルフ倶楽部,,,,True,84,check,記録検索システム (共同通信デジタル) に All Rights Reserved 表記。個別の再利用条件は未確認
kokusupo-2024-boys-team,第78回国民スポーツ大会（SAGA2024）ゴルフ競技 少年男子団体,"2024 National Sports Festival of Japan, Golf, Youth Boys Team",日本スポーツ協会・文部科学省・開催県（ゴルフ競技: 日本ゴルフ協会）,national,male,takeo-gc,2024-10-06,2024-10-07,https://kirokukensaku.net/5NS24/detail_20241007_42034010010.html,2024,,team,武雄ゴルフ倶楽部,,,,True,28,check,記録検索システム (共同通信デジタル) に All Rights Reserved 表記。個別の再利用条件は未確認
kokusupo-2025-boys-individual,第79回国民スポーツ大会（わたSHIGA輝く国スポ2025）ゴルフ競技 少年男子個人,"2025 National Sports Festival of Japan, Golf, Youth Boys Individual",日本スポーツ協会・文部科学省・開催県（ゴルフ競技: 日本ゴルフ協会）,national,male,bearspaw-japan-cc,2025-09-29,2025-09-30,https://results.shiga-sports2025.jp/detail_20250930_42034010020.html,2025,,individual,ベアズパウ ジャパン カントリークラブ,,,,True,84,check,記録検索システム (共同通信デジタル) に All Rights Reserved 表記。個別の再利用条件は未確認
kokusupo-2025-boys-team,第79回国民スポーツ大会（わたSHIGA輝く国スポ2025）ゴルフ競技 少年男子団体,"2025 National Sports Festival of Japan, Golf, Youth Boys Team",日本スポーツ協会・文部科学省・開催県（ゴルフ競技: 日本ゴルフ協会）,national,male,bearspaw-japan-cc,2025-09-29,2025-09-30,https://results.shiga-sports2025.jp/detail_20250930_42034010010.html,2025,,team,ベアズパウ ジャパン カントリークラブ,,,,True,28,check,記録検索システム (共同通信デジタル) に All Rights Reserved 表記。個別の再利用条件は未確認
kokusupo-2026-boys-individual,第80回国民スポーツ大会（青の煌めきあおもり国スポ）ゴルフ競技 少年男子個人,"2026 National Sports Festival of Japan, Golf, Youth Boys Individual",日本スポーツ協会・文部科学省・開催県（ゴルフ競技: 日本ゴルフ協会）,national,male,touou-cc,2026-09-10,2026-09-10,https://kirokukensaku.net/5NS26/detail_20260911_42034010020.html,2026,,individual,東奥カントリークラブ,,,,True,84,check,記録検索システム (共同通信デジタル) に All Rights Reserved 表記。個別の再利用条件は未確認
kokusupo-2026-boys-team,第80回国民スポーツ大会（青の煌めきあおもり国スポ）ゴルフ競技 少年男子団体,"2026 National Sports Festival of Japan, Golf, Youth Boys Team",日本スポーツ協会・文部科学省・開催県（ゴルフ競技: 日本ゴルフ協会）,national,male,touou-cc,2026-09-10,2026-09-10,https://kirokukensaku.net/5NS26/detail_20260911_42034010010.html,2026,,team,東奥カントリークラブ,,,,True,28,check,記録検索システム (共同通信デジタル) に All Rights Reserved 表記。個別の再利用条件は未確認
